District Name,Name,Address,Contact Number,
,,,,
Bhopal,,,,
,SAMADHAN AYURVEDIC AND PANCHKARMA CHIKITSALAYA ( DR. ANIL GUPTA AND DR. SADHNA GUPTA ),"Roxy Pul, near Kartar Hotel",098273 55759,
,Jiva Ayurveda Clinic - Gwalior,"Bajrang Plaza, Plot no 302 First Floor, Sachin Tendulkar Rd, near BSNL",093114 01963,
,DR. K L SHARMA,"591 Army Bazariya, Tota Ki Bazariya, Near Command 2nd Batalian, Lashkar",096441 92896,
,Amrutam Ayurvedic Clinic,"346, Phase, 1, near Bisoniya Hospital",090391 23200,
,"Jiva Ayurveda Clinic - Agra, Uttar Pradesh (Best Ayurvedic Doctor in Agra | Ayurvedic Hospital in Agra)","Friends Wasan Plaza B- 8, 9 &10, E-17, 2/4, Hariparwat Rd, behind Hotel Marina",070601 60052,
,Ayurveda and Panchkarma Brahma Ayurvedam Clinic by MD Dr Jitendra Sharma (Bhopal),"HIG 141, Ground Floor, Ayodhya Bypass Rd, near Sagar Avenue",062324 33355,
,Shuddhi Hiims (Bhopal) Ayurveda Clinic,"Metro Plaza, Shop No. F-5, 1st Floor, Bittan Market Duserah Maidan",087920 87920,
,"Jiva Ayurvedic Clinic - Bhopal, Madhya Pradesh (Ayurvedic Doctor in Bhopal | Ayurvedic Hospital in Bhopal | Ayurvedic Clinic)","E-8/1, Near Savoy Complex in front of UCO Bank Gulmohar Colony",070241 45671,
,🅽🅰🅼🅾🅷 🅲🅻🅸🅽🅸🅲: Best Sexologist In Bhopal| Best ayurvedic doctor in Bhopal| Sex Specialist Doctor| best sexologist near me|,"3114, Surendra Landmark, NAMOH AYURVEDA, C Block, Narmadapuram Rd, near Ashima Mall",077709 92222,
,Ayurved hospital sidhi,Sidhi मध्य प्रदेश 486661 Republic of,,
,VAIDYAM Kerala Ayurveda Panchkarma Clinic & Weight Loss | Best Ayurveda doctor in Bhopal,"22, New MLA Colony",0755 422 4044,
,"Jiva Ayurveda Clinic - Gomtinagar, Lucknow (Ayurvedic Doctor in Lucknow | Ayurvedic Hospital in Lucknow | Ayurvedic Clinic )","LGF, 3/17,Below Shaadi.Com Office, Vinay Khand Station Road, near Patrakarpuram Chauraha",070544 47778,
,District Ayurved Hospital,"WH4R+GQ6, Mahal to Police Line Rd",,
,Incredible Ayurveda,A-6,099070 01192,
,"Jiva Ayurveda Clinic - Varanasi, Uttar Pradesh (Ayurvedic Doctor in Varanasi | Ayurvedic Hospital in Varanasi)","Jas Maa Complex, 58/12, Gandhi Nagar Opposite Tata Motor, Main Road, near Ksheer Sagar Sweet Shop",093117 66821,
,"Jiva Ayurveda Clinic - Gorakhpur, Uttar Pradesh (Best Ayurvedic Doctor in Gorakhpur)","JP Complex, Medical College Road, near Passport Office",077558 27779,
,AyurYug Multispeciality Ayurveda & Panchakarma | Best Ayurvedic Doctor In Bhopal | Panchakarma In Bhopal | Ayurvedic Clinic |,"107, DK-1, Danish Kunj Kolar Rd, near Jain Mandir",091310 19197,
,"Tirupati Ayurveda - Best Panchkarma Treatment, Piles care, Piles & Fistula Clinic In Bhopal","16, Amrit Enclave",093407 15176,
,Bhopal Ayurvedic Surgical Center (Anorectal Clinic) By Dr M P Patel IMS BHU (Piles Fistula Fissure pilonidal Sinus Kshar Sutra Treatment Center),"22A, Chunabhatti Kolar Rd, behind Hyundai Showroom",098932 08180,
,"Jiva Ayurveda Clinic & Panchakarma Centre - Alambagh, Lucknow (Ayurvedic Doctor in Lucknow | Ayurvedic Clinic )","Space No UGF-01, Shri Pratap Tower Sector B LDA Colony Behind Phoenix Mall, Kanpur - Lucknow Rd",093117 66831,
,Dakshayu Ayurvedic Clinic,A-134,,
,Government Ayurvedic College & Hospital,55Q7+54M,0751 237 2802,
,Dr. Aditya Nema (Ano-Rectal Specialist_Proctologist),Pt. Khushilal Sharma Ayurvedic Collage and Hospital,,
,Dharma Ayurveda Clinic,"Shop no. 1, Mahendra Medi Square",096444 65777,
,Dr. Monika Jain (Vaidyam Ayurveda Kerala Panchkarma),"23, Bhadbhada Rd",0755 422 4044,
,"Jiva Ayurveda Clinic - Aliganj Lucknow, Uttar Pradesh (Ayurvedic Doctor in Lucknow | Ayurvedic Clinic )","LGF1, Ramanand Trade Centre, 34A, Kapoorthala Road, near Spencer",091983 34888,
,"Jiva Ayurveda Clinic - Mall Road, Kanpur","Building No: 18/53, 1st Floor Mall Road Pholbagh Chauraha, near Gaurav Hotel",093117 66830,
,KERALA AYURVEDIC & ADVANCED PHYSIOTHERAPY CENTRE,98,098930 02893,
,Ayurvedic Clinic,"Church Gate, near Sepal Convent School",098939 91010,
,Mrityunjay Ayurved - Best Ayurvedic Doctor | Spine Specialist in Bhopal,440,,
,Siddha Sanjeevani Ayurvedam - Ayurvedic Hospital in Bhopal,"206/2A, 200/2C",098276 86579,
,"Vaidh Tribhuvandas Uddavdas Mehta ,Dr. Deepak Mehta ayurvedic clinic","Chowk Bazaar Road, 41, Mehta Marg",,
,Shivoham Ayurvedic Clinic,"LG7 Kolar Plaza, near DMart",098276 12691,
,Dr Rajesh Raghuwanshi,4B BDA COMPLEX SAKET NAGAR Shop No 10,094256 20446,
,Nidanam Ayurvedic Clinic,"H.no 168, near Bharat Nagar",093009 51290,
,Dr V G Deshmukh memorial OJAS AYURVED,"05 Vasundhara, Surendra Place, Narmadapuram Rd",094253 82032,
,Ano-Rectal and Ayurvedic clinic,"MIG, 148, P and T Rd",094251 71795,
,Kaya Ayurvedic Clinic,"Bima Kunj, Yashoda Parisar Complex Kolar Rd Opposite",092294 52609,
,Shri Akhand Ayurved Bhawan dr. Nitin tiwari,S 12 Kaveri colony Kolar road Near danish kunj digambar jain mandir,098935 52730,
,Akhand Ayurved Bhawan,378 HIG,,
,Dr. Parashar's Ayurveda Clinic,257,,
,"Skin, Hair, Piles Ayurvedic Treatment Clinic in Bhopal","Siddhi Bhawan, Kalimata Mandir ke Samne, Chuna Bhatti, Nahar Chouraha, Kolar Road",099070 81799,
,Maharishi Ayurved Chikitsa sansthan,"Mig- 33, near jawahar Chowk",,
,Shatayu Ayurved Panchakarma Superspeciality Clinic,"E-7/376, Mitramandal Society, near 1100Qtrs., Hanuman Mandir",098260 92380,
,"Jiva Ayurvedic Clinic - Juhi Kanpur, Uttar Pradesh (Best Ayurvedic Doctor in Kanpur | Ayurvedic hospital)","127/33, A, Chowraha, near Sai Dham Mandir And Gaushala",096218 45333,
,Dr. PS RAO'S Shri Sai Clinic,"83 Manjeet market, near Extol College",093034 25544,
,Jeevan Dispensary Clinic - All Ayurvedic,"Shop Numbers- 27, 28, Bhopal Tower, Front of Bhopal Talkies 462001",093034 30077,
,Ayurvedic Piles Surgery,·,0755 297 0310,
,Nature Care Ayurveda,"Jain Tower, Shop No 16 first floor",094798 00092,
,Prateek Ayurveda,7C5J+MVW,097536 53150,
,Kips - Thulasi Panchakarma Hospital Bhopal,"Metro Plaza, E-1/204, Gate 7, opposite Bittan Market",094250 28944,
,Shubh ayurvedic clinic and Medical Store,"Lig-21, amravati south, near nri school",099813 32793,
,Ojas Ayurveda,"E-4/55, Opposite Bhojpur Club, Arera Colony",089598 38373,
,Nisulk(free) Ayurvedic Clinic,6FPC+VPF,097550 07914,
,Dr. Keshav Goliya- Ayush In Bhopal,"Maharishi Vedic Health Centre First Mb Road, S220, near Metro Station",,
,Vaidic Chikitsa Sanstan (Dr. Gupta Ayurvedic Hospital),11/1,0755 258 0834,
,"Sanyasi Ayurveda, Bhopal (MP)",Sangam Talkies Rd,093007 28630,
,"Dr Bhawana Jain, BAMS (Patanjali Vaidya)","Mahamana bag, Street No 1, Railway Station Rd",,
,Preeti Health Clinic And Panchkarma Centre,"S-1, 5, 6 & 7 Kamakshi Complex 17A Sector",0755 429 1038,
,Dr. Mohabe Ayurvedic,6C9P+HF2,,
,Bhopal Ayurvedic Surgical Center,Street Number 3,,
,SHRI PARMPARA AYURVEDA CLINIC BHOPAL,75-B,,
,Shree ram ayurveda clinic & Store,"202, 2C, in front of Sapan Saurabh diagnostic",094582 47252,
,Piles Treatment | Ayurvedic Piles Doctor In Bhopal | Piles Clinic,"5/8 Second floor, Anti Piles Organisation, Amer Complex, in front of PNB Bank",074006 74000,
,Ayurdham Ksharsutra & Panchkarma Treatment Centre,"69MW+53H, Doctors street",090746 96553,
,Ramaiah Aikya Ayurveda Wellness Center | Ayurvedic Therapy Treatment & Wellness Center In Bhopal,Rose 425,0755 494 0088,
,Shatayu Ayurveda Clinic & Panchkarma Centre,MIG - B - 23,090090 21008,
,Vaigh Uddhavdas Mehta,"3, Hanuman Mandir Ln",0755 255 5309,
,Astangasai ayurvedic center,LIG-119-B,0755 258 1097,
,Veeja Ayurveda Clinic,7F98+H6H,094247 80143,
,Pt. Khushilal Sharma Ayurvedic Hospital,near Mpcost,0755 297 0319,
,Dhanvantri Ayurvedic Aushdhalaya,"65, Patel Nagar, Hamidia Road Over Bridge Corner, behind the Shakir Ali Hospital",0755 325 7703,
,Prit Ayurvedic Clinic,7CFR+VRP,098061 07194,
,dr. Nitin Tiwari Clinic,"G - 25 No 7 Locality Sanchi Complex S-3, Service Road No 7 Locality, M.P.Nagar",098935 52730,
,Anand Ayurveda,"Shravan Kanta Estate Nizamuddin Road New Fourline Road, opposite Bharat Petrol Pump",,
,Ayurvedam Charak Panchakarma Kendra,"Shedhi Bhawan, Nahar Chouraha",099070 81799,
,Vaidya Uddhavdas Mehta Ayurvedic Rasayanshala,7C52+5XC,0755 274 0672,
,Acharya Navdeep,"Bittan Market PRAKRITI PATH 3RD floor #13 Metro Plaza, Char Imli",,
,Pauranik Ayurved,B-108,094240 37637,
,Ayurdham Ayurvedic Hospital,"MIG-49, (M.P",088784 22200,
,Dr .Pushpalata Bhawsar | Anti Piles Ayurvedic Clinic,"2nd Floor, Amer Complex, 5/8, in front of PNB Bank",,
,Dr. RG Nayak DG Herbal Health (Ayurvedic Clinic ) & Angel Medicos,"Shop No, 5/1",,
,Dr. Rashmi Jha's Clinic,"Shop No. 8, Sahyadri Parisar Near Depo Square, Bhadbhada Rd",094072 55565,
,Paramparagat Ayurvedic Jadi Buti Visheshgna,"Shop No.7 , 1st Floor, Center Point Complex, Chiklod Rd",098273 41120,
,Dr.Azad's Ayurveda,"23°15'53. 77°25'21. 8""N, 5th Main Rd, Henotiya, near Sai Baba Mandir",,
,Ayurveda Clinic@Kottakkal Bhopal,,,
,Sriram Kerala Ayurveda Panchkarma Centre,"Phase 6, 204/1, JK Road, Sector E",,
,Dr. M P Patel (Piles Fistula Fissure Specialist IMS BHU) In Bhopal,"203 A Block Sagar Premium Tower, J K Hospital Road, Kolar Road",098932 08180,
,बवासीर का इलाज |Ayurvedic Clinic | Anti Aging | Joint (Sciatica Pain) & Muscle Pain |Diabetes Treatment| Leukorrhea |,"M. P., India, Amer Complex, 1st floor, In Front of PNB Bank, MP Nagar, Zone – 2, Habibganj Rd",074006 74000,
,Govt. Ayurvedic Hospital,6CC6+Q8C,,
,Vaidaya Gopaldas Uddhavdas Mehta,7C5J+3C7,099938 95168,
,Ayush ayurvedic homeo and multi-speciality spine centre,"Shop no.4, Landmark Complex",,
,AYURVEDIC CLINIC vaid KHARE,"6FJF+9W7, Unnamed Road",,
,Dr. P. Subba Rao Homeopathy Clinic,"No. 1/23, JK Rd, Chhatrasal Nagar, Phase-2",,
,Kottakkal Aryavaidya Sala,"Shop No.29, Bharat Nagar Rd",098269 66027,
,Dr. Ashutosh Kumar Jain,S-47,079875 65801,
,Ayurvedic Medicine,"6CHP+8HH, Zone-II",094253 00244,
,SRI SAI INSTITUTE OF AYURVEDIC RESEARCH AND MEDICINE (SIARAM) (Ayurvedic Medical College),·,076111 48888,
,Ayurvedic And Unani Stores,"Choraha, Ghora Nikkas, Ghora Nikkas",0755 274 4470,
,Gattani Ayurvedic & Homeopathic Centre,562,0755 405 7967,
,Shivveda Ayurvedics,"3GV4+9RW, mega city",091443 79493,
,Kanishk Ayurvedic Store,"Plot No.1, K K Plaza, Service Rd",098270 10185,
,Maharshi Ayurved Chikitsa Sansthan Bhopal,UNI Homes,087704 48757,
,Shri Kailash Ayurvedic Stores,"6CP2+XH3, Roshanpura Road",093031 31913,
,Nadi Ayam Ayurved Clinic,"Shop No 19, C-16",078797 71109,
,Unani Bhartiye Dawakhana,Unani Bhartiye Dawakhana,062668 63774,
,SAIFY UNANI DAWAKHANA,"29, Gali Number 2",083492 26672,
,Sehat Unani & Ayurvedic Stores idgah hill,"Idgah hill, 30/31judge colony",,
,Dr. Raghvendra Raghuwanshi,"Custom path, Dist",,
,Piles & Stone Clinic BhopaL,430 indrapuri extension colony,073896 02607,
,Forever Freedom from Chronic Diseases. Ayurvedic Treatment,Shop No. 3,,
,Dr. Neeta singh Ayurvedic Physician Atharwa Ayurveda,B35,087702 22938,
,Psoriasis Treatment Centre Bhopal,Dr.Quereshi Lane,,
,Dr Dinesh Yadav,Sant hirdaram Yoga and Nature cure hospital,,
,Ayurvedic Aushad Bhandar,"209, B.D.A. Complex, Link Rd Number 2",093009 66044,
,Mahakal Ayurvedic Aushadhi Bhandar,"B-77, Minauti Complex, Kolar Rd, Main Kolar Rd",0755 409 4855,
,Hakim Rauf Bhai Dawakhana,25,0755 255 7570,
,Upved ayurveda clinic,26-A,,
,Ankit Ayurveda,"797V+PGR, Taj-ul-Masjid Rd",098260 16753,
,Arogya Health Center,Krishna Bhawan,081092 08923,
,,,,
,,,,
 Raisen,,,,
,Sahni Clinic,"Sahni Clinic, Kachha Road",098260 46064,
,AMRIT SHREE AROGYA,JAWHAR WARD BINA,,
,श्री धनवंतरी आयुर्वेद पंचकर्म चिकित्सालय एवं वन्ध्यत्व निवारण केंद्र,"C442+8GJ, Infront of HP petrol pump near T.A.V. School, Bina road, dist",,
,Dr. Sharif khan,"56Q2+GW9, Etawa, jamma masjid",,
,Govt.Ayurved Dispensary Malhargarh,73G8+2CH,,
,SAMADHAN AYURVEDIC AND PANCHKARMA CHIKITSALAYA ( DR. ANIL GUPTA AND DR. SADHNA GUPTA ),"Roxy Pul, near Kartar Hotel",098273 55759,
,Kunjan Clinic Dr Mahesh Bagdi,C35X+7XR,096171 27257,
,Dr. Raghvendra Raghuwanshi,"Custom path, Dist",,
,Raj Clinic,Bina,,
,Shivay clinic,3HRX+6M8,,
,Dhanvantri hospital,56R6+J79,,
,Jiva Ayurveda Clinic - Gwalior,"Bajrang Plaza, Plot no 302 First Floor, Sachin Tendulkar Rd, near BSNL",093114 01963,
,Dr. Deepak Kulshrestha,"Behind Raj Vatika JP Road, Chanakyapuri Rd",098274 30701,
,Khedapati Temple,6926+5W2,,
,Sahi Ayurvedic Store Raisen,"m.p, markaz market raisen",,
,TAV Medical Store,"Munagaonli, Ashoknagar, SH-19, Munagaonli Road, Ashok Nagar",,
,Ayurvadic Hospital Khurai,Pandit ka kuwa,088898 95315,
,Krishna Vaccination Center And poly clinic (Universal Pharmacy),Bina Rd,098934 73257,
,Shat-Ayu Clinic & Panchkarma therapy centre,"Yashwant garden road, road",,
,Patanjali Gramin Arogya Kendra,"Ward No 12, Main Market",093995 85359,
,Dhakad Dawakhana,8QHM+P5P,097552 19602,
,विशुद्ध आयुर्वेद चिकित्सा केन्द्र,"GRHC+QP6, Arihant Vihar Rd",,
,Amrutam Ayurvedic Clinic,"346, Phase, 1, near Bisoniya Hospital",090391 23200,
,Dr. Sangram Singh sisodiya,colony jail road,,
,"Tirupati Ayurveda - Best Panchkarma Treatment, Piles care, Piles & Fistula Clinic In Bhopal","16, Amrit Enclave",093407 15176,
,Kanta Medical,"Sai Dham Colony, Sagar, SH-42, Khimlasa Road, Bina",098063 40500,
,AAISH AYURVEDIC AUSHDHALAY,National Hwy 752 B,,
,Aarogya Ayurvedic Clinic,Infront Of Mata Mandir,098930 27634,
,Nisulk(free) Ayurvedic Clinic,6FPC+VPF,097550 07914,
,🅽🅰🅼🅾🅷 🅲🅻🅸🅽🅸🅲: Best Sexologist In Bhopal| Best ayurvedic doctor in Bhopal| Sex Specialist Doctor| best sexologist near me|,"3114, Surendra Landmark, NAMOH AYURVEDA, C Block, Narmadapuram Rd, near Ashima Mall",077709 92222,
,Shri Akhand Ayurved Bhawan dr. Nitin tiwari,S 12 Kaveri colony Kolar road Near danish kunj digambar jain mandir,098935 52730,
,Dharma Ayurveda Clinic,"Shop no. 1, Mahendra Medi Square",096444 65777,
,Dr. Nitesh Jha | Ayurveda | OMKAR AYURVEDIC MEDICINAL CLINIC,"WARD NUMBER 23, OMKAR AYURVEDIC MEDICINAL CLINIC SHOP NUMBER 5, RAILWAY, Station Rd, near ANAND WHARE HOUSE",,
,Nidanam Ayurvedic Clinic,"H.no 168, near Bharat Nagar",093009 51290,
,Shuddhi Hiims (Bhopal) Ayurveda Clinic,"Metro Plaza, Shop No. F-5, 1st Floor, Bittan Market Duserah Maidan",087920 87920,
,Ano-Rectal and Ayurvedic clinic,"MIG, 148, P and T Rd",094251 71795,
,Ayurveda and Panchkarma Brahma Ayurvedam Clinic by MD Dr Jitendra Sharma (Bhopal),"HIG 141, Ground Floor, Ayodhya Bypass Rd, near Sagar Avenue",062324 33355,
,Dr R S Thakur,Kurwai Rd,099265 34014,
,Ayurvedic Government Panchkarma Hospital,"GRC5+883, NH 86",,
,Incredible Ayurveda,A-6,099070 01192,
,Dr. Aditya Nema (Ano-Rectal Specialist_Proctologist),Pt. Khushilal Sharma Ayurvedic Collage and Hospital,,
,AyurYug Multispeciality Ayurveda & Panchakarma | Best Ayurvedic Doctor In Bhopal | Panchakarma In Bhopal | Ayurvedic Clinic |,"107, DK-1, Danish Kunj Kolar Rd, near Jain Mandir",091310 19197,
,Akhand Ayurved Bhawan,378 HIG,,
,Prateek Ayurveda,7C5J+MVW,097536 53150,
,महर्षि आयुर्वेदिक क्लिनिक,"GRFF+HHG, Karaiyakheda Road, in front of Ananya medical",,
,Ayurvedic Clinic,"Church Gate, near Sepal Convent School",098939 91010,
,"Jiva Ayurvedic Clinic - Bhopal, Madhya Pradesh (Ayurvedic Doctor in Bhopal | Ayurvedic Hospital in Bhopal | Ayurvedic Clinic)","E-8/1, Near Savoy Complex in front of UCO Bank Gulmohar Colony",070241 45671,
,VAIDYAM Kerala Ayurveda Panchkarma Clinic & Weight Loss | Best Ayurveda doctor in Bhopal,"22, New MLA Colony",0755 422 4044,
,SHRI BANKE BIHARI SWADESHI KENDRA LATERI (INTERNATIONAL MARKETING CORPORATION PVT LTD),3C94+447,,
,Dakshayu Ayurvedic Clinic,A-134,,
,Shatayu Ayurveda Clinic & Panchkarma Centre,MIG - B - 23,090090 21008,
,Bhopal Ayurvedic Surgical Center (Anorectal Clinic) By Dr M P Patel IMS BHU (Piles Fistula Fissure pilonidal Sinus Kshar Sutra Treatment Center),"22A, Chunabhatti Kolar Rd, behind Hyundai Showroom",098932 08180,
,संजीवनी आयुर्वेदिक चिकित्सालय,"GRG6+JPW, Unnamed Road",,
,Maha Shiv Veda - Ayurvadic Treatment Clinic,3GV4+9VP,,
,Kayakalp Ayurved Hair & Skin care,Station Rd,087703 14447,
,Pauranik Ayurved,B-108,094240 37637,
,Prit Ayurvedic Clinic,7CFR+VRP,098061 07194,
,Siddha Sanjeevani Ayurvedam - Ayurvedic Hospital in Bhopal,"206/2A, 200/2C",098276 86579,
,Preeti Health Clinic And Panchkarma Centre,"S-1, 5, 6 & 7 Kamakshi Complex 17A Sector",0755 429 1038,
,Dr. Monika Jain (Vaidyam Ayurveda Kerala Panchkarma),"23, Bhadbhada Rd",0755 422 4044,
,Ayush ayurvedic homeo and multi-speciality spine centre,"Shop no.4, Landmark Complex",,
,Naina clinic,Ram krishna,,
,Ayurvedic Clinic 2: Jain Aarogyam( Ayurveda : A Complete Healing Tree) Dr Rajesh Jain,"Daivaitya Health Care and Panch Karma Centre, near Bima Kunj",,
,Swastik Polyclinic- Dr. S.D DWIVEDI,"Shop no. 3, Jyoti Complex, Near Gurudwara, Anand nagar, raisen Road",097139 10443,
,,,,
Rajgarh,Joshi Clinic,·,080859 35045,
,Aaish Ayurvedic Clinic,"Old AB Rd, near HONEY BONEY COMPLEX",098260 79974,
,OMKARI AYURVED CHIKITSALAY And PANCHKARMA CENTER BIAORA,Gurudware ke pass Rajgarh road BIAORA,090743 94959,
,OMKARI Ayurveda Skin & Joints care Clinic,Rajgarh road,090743 94959,
,Joshi Ayurvedic Stores,,,
,Dr. Ashwini Vaidya Aarogyam clinic,29CF+HXQ,094250 93332,
,आऐश आयुर्वेदिक औषधालय,83,,
,आरोग्य अस्पताल,PVCW+VP8,,
,Patanjali Chikitsalaya,Rajgarh Chauraha,094248 74397,
,AAISH AYURVEDIC AUSHDHALAY,National Hwy 752 B,,
,Adhikari Ayur Clinic,9PHH+WH9,096301 35488,
,Narmade ayurvedam multi speciality panchkarma center,near omkar school DP ke samne,,
,Ayurved chikitsa kendra,"P276+G8M, Malikhedi Road",099931 20757,
,Kala ayurvedic clinic and panchkarma center,"MQQ8+9C3, Pachore Rd",,
,Narendra kumar sharma ayurvedic clinic,"VFW3+C66, Unnamed Road",,
,Patanjali Chikitsalaya,"M.g. Marg, opp. Old College",,
,shrihari herbal ayurved,The City Center Mall,094796 94493,
,sukhayu ayurvedic clinic nalkheda,"R6MM+GWC, Bhaisoda Rd",,
,Dr Ramesh Rajput Clinic,"M NO 12, Rai Aangan Mohalla",,
,सर्वोत्तम दवाखाना & रिसर्च सेंटर आरोन.,"हकीम आश्रम, वार्ड नं 14, आरोन ज़िला गुना (मध्य प्रदेश)473101भारत",,
,BALAJI HOSPITAL AYURVEDIC,"WRFX+R9J, Unnamed Road",,
,"Dr. Deepankar Adhikari ""LOTUS PILES CENTRE"" for Piles, Fistula, Fissure, PNS","Jain mandir Road, near Bandhan Bank",096178 44043,
,Surjan Ayurvedic Pharmacy,"M827+28V, Subhash Marg, Haat Road, opp. Veterinary Hospital",099813 13131,
,Avantika Clinic,"Old AB Rd, near Bandi khali",099936 09717,
,Ayush Office,XPVH+9MH,,
,Sindal Clinic,Meerkala Bazar,099266 06500,
,आयुर्वेदिक चिकित्सालय वैध मनोहर लाल सोनी मेहतवाड़ा वाले,"2P9F+G2X, Ganesh Market Rd",,
,नारायण वर्मा आयुवेदिक शॉप,near Ganesh vidhya Mandir,,
,Veidh M. Jaan. Clinic | Best Sexologist in Sehore | Top Ayurvedic Doctor,Bhopali Fatak,098266 25502,
,sparsh ayurveda panchakarm hospital,"dhobhi choraha, in front of lic office",089821 32456,
,Pushp Sara,"202/1/1, PW No. 52, Village-Dholbaj",095893 10482,
,Dr Lokendra Parmar Ayurvedic Clinic,Dev Nagar Colony,099935 15191,
,Dr. Ram Jeevan Meena,"93F4+822, Shri Radha Krishna Clinic,Tulsi khedi Hero showroom ke pass, Road",083498 86644,
,Panchgavy ayurvedic davakhana,XPWC+WWV,,
,Sri Balaji ayurved,P2X5+9GC,,
,ONLINE YOGA GUNA MP,"H/n J-54, behind utsav vatika",088795 08404,
,Shubham Herbal And Ayurveda Store,"001, Tehshil K Samne, Kurawar",096910 98995,
,Patanjali Chikitsalaya,"Opp. MRF Showroom, By Pass Chowraha",093006 26243,
,Aayush Clinic,"PP6M+RJX, Mandi Road",,
,"Government Ayurvedic Hospital, Dongargaon",65X8+H9V,,
,Nirwan Ayurvedic clinic,"H. No. 135, Mukeri line, near shriji jewellers",,
,Rathore Clinic,9PW6+2PX,,
,Herbal electro homeopathic chikitsalay,Divya Enterprises ke PASS ASSATA ROD,,
,Vidhya ayurveda,HPHJ+2PX,,
,ayurved pankarm therapy centar आयुर्वेद पंचकर्म थेरेपी सेंटर,"P276+48, Badod road, Ajay shree takeej ke pass",,
,स्वास्थ्यमंदिर प्राकृतिक चिकित्सा एवं योग केंद्र आगर मालवा मध्यप्रदेश,Sarangpur Rd,089890 74647,
,Shree Swami Ramanand Prakritik Chikitsa Kendra,Ramtekri Tapovan,062683 61619,
,Arogya Ayurved Center,"7, Sheetal Bihar Colony Infront of Oxford Higher Secondary School",,
,Govt. Ayurvedic Chikitsalya Sehore,"53XM+957, Sehore - Bhopal Rd",,
,Arogya Ayurvedic Hospital,"House Number167, behind Hotel Aanand",,
,Dr.Murlidhar Maheshwari,कोतवाली चौराहा,099934 34747,
,SHIVAM AYURVEDA,near omkar school DP ke samne,,
,Vikas Clinic,9PJF+JR9,,
,Paramarsh kaksh,,,
,Sparsh Ayurveda Panchkarma Wellness Clinic Indore,"Capital Tower, 8, Sapna Sangeeta Rd",074006 06060,
,Gulab ji ramdayal aayurved store,Jawahar Marg,,
,ATHARVA AUSHADHI BHANDAR,Wrad Number 10 Bihari ji marg Natraj Bhavan Juna,,
,Dr.rajkumar Dhakad,"5F69+GV7, Itwariya bazar",,
,Bajnath Chikitsa Kandra,"P273+VRJ, Mali Khed Road,, near New Bus Stand",099931 20757,
,VMC-AYURVEDA,VASUDEV MENTION,092146 58921,
,S k dawakhana,WXCJ+2RF,,
,कृष्णा हेल्थ डे केयर,पचोर रोड,094253 64236,
,श्री धन्वंतरी क्लिनिक,8RMJ+J55,,
,Patanjali Chikitsalaya Biaora,anand complex,089821 40206,
,Ksharsutra Clinic,Road,098936 69371,
,गुरुजी आयुर्वेद,"बस स्टैंड के सामने, गली न.06",091651 51528,
,Rajesh Dhakad,Semri Khurd 473885,,
,Dr.sandeep nirmal,H4VW+337,098873 62428,
,Chirayu herbal dawakhana,Anand dairy chouraha 632M+WC3 New bus stand road Chawni,090391 30415,
,Shivay clinic,3HRX+6M8,,
,"सुलभ स्वास्थ्य हॉस्पिटल, कुरावर",NH 46,097266 71661,
,Dr. PS RAO'S Shri Sai Clinic,"83 Manjeet market, near Extol College",093034 25544,
,Dr.Ashish Arya,Narsingharh Road Lakri pitha Galla mandi,095843 75858,
,Indicveda,"J8W7+WP4, Dheeraj, Vijaya Bank, Pawaiya Complex, A B Road",076003 10810,
,,,,
Sehore,,,,
,,,,
,Govt. Ayurvedic Chikitsalya Sehore,"53XM+957, Sehore - Bhopal Rd",,
,Dr Lokendra Parmar Ayurvedic Clinic,Dev Nagar Colony,099935 15191,
,Veidh M. Jaan. Clinic | Best Sexologist in Sehore | Top Ayurvedic Doctor,Bhopali Fatak,098266 25502,
,Arogya Ayurved Center,"7, Sheetal Bihar Colony Infront of Oxford Higher Secondary School",,
,Nirwan Ayurvedic clinic,"H. No. 135, Mukeri line, near shriji jewellers",,
,Dr.Murlidhar Maheshwari,कोतवाली चौराहा,099934 34747,
,Dr.Ashish Arya,Narsingharh Road Lakri pitha Galla mandi,095843 75858,
,Chirayu herbal dawakhana,Anand dairy chouraha 632M+WC3 New bus stand road Chawni,090391 30415,
,Dr. Ashok Vishwakarma General Physician in Bharkhedi,Sehore - Bhopal Rd,,
,Dr Ramesh Rajput Clinic,"M NO 12, Rai Aangan Mohalla",,
,Mi Ayurvedic Health Care Herbal Center,"635W+MCH, Murli Rd",,
,Dr Santosh chaurey Sanjivani Ayurveda & Panchkarma Kendra,"Sanjivani Ayurved, near Narmada college",,
,Kamadgiri Ayurveda,"near Kaveri Estate, Malakhedi Rd",,
,Ibrahimi Dawakhana,"Fish Market Road, near Badri Mahal Square",,
,🅽🅰🅼🅾🅷 🅲🅻🅸🅽🅸🅲: Best Sexologist In Bhopal| Best ayurvedic doctor in Bhopal| Sex Specialist Doctor| best sexologist near me|,"3114, Surendra Landmark, NAMOH AYURVEDA, C Block, Narmadapuram Rd, near Ashima Mall",077709 92222,
,AM aayurvaidic center,Kanchan market,,
,"Jiva Ayurvedic Clinic - Bhopal, Madhya Pradesh (Ayurvedic Doctor in Bhopal | Ayurvedic Hospital in Bhopal | Ayurvedic Clinic)","E-8/1, Near Savoy Complex in front of UCO Bank Gulmohar Colony",070241 45671,
,,,,
Vidisha,विशुद्ध आयुर्वेद चिकित्सा केन्द्र,"GRHC+QP6, Arihant Vihar Rd",,
,Aarogya Ayurvedic Clinic,Infront Of Mata Mandir,098930 27634,
,Kayakalp Ayurved Hair & Skin care,Station Rd,087703 14447,
,Ayurvedic Government Panchkarma Hospital,"GRC5+883, NH 86",,
,Vaidhyam Ayurveda,"in front of swetambar jain mandir, near parinay garden",,
,Dr. Gourav Sharma (Aarogyam Clinic),"Vaishali nagar reetha phatak road, Vaishali Nagar Main Rd, near Green City gate",098272 94411,
,IMC AYURVEDAS,"24, Durgapura Station Back Entry Rd",,
,संजीवनी आयुर्वेदिक चिकित्सालय,"GRG6+JPW, Unnamed Road",,
,महर्षि आयुर्वेदिक क्लिनिक,"GRFF+HHG, Karaiyakheda Road, in front of Ananya medical",,
,Jiva Ayurvedic and Medicare,"Infront of Central bank, Ahamadpur chouraha",,
,"sundarlal vedya Medical,Bada Bazaar,Vidisha(M.P.)SINCE""1922""",सुंदरलाल वैद्य,079726 00497,
,Raghuvanshi Clinic,"Daulatpur, Vidisha, SH-19, Vidisha Road, Vidisha",085190 32015,
,"ano rectal ayurved clinic for fissure,fistula,heamorroids kshar sutra therapy tretment","51, near kanara bank",,
,Mahendra kumar sundarlal Jain vaidh,,,
,Dr Deepak Sharma HOMOEOPATH,"Tilak chowk, Kagdipura Rd",099935 38403,
,Pile Clinic,"GRF5+4M2, near syndicate bank",,
,Dr. Soni's Homoeopathy,"Shop No. 25 , Yuvraj Club Market Railway Station Road",098260 99553,
,Samar Care Clinic,,087702 87156,
,Maa homoeopathic clinic,Road no 1Krishna Colony,062687 08616,
,New S P Medical,"6, Vidisha",078981 20188,
,Shivayu Ausdhi Bhandar,"GRF7+P79, Kanhaiya hazari ka bada",,
,Indian Ayurveda New Researches,"Saroj Bhawan, Dandapura Rd",,
,Pitalia Clinic,GRG4+G9P,07592 234 288,
,Vindhya Ayurveda,"infront of bjp offfice, old city hospital",,
,,,,
Morena,वैद्य राधाबल्लभ अग्रवाल (आयुर्वेद चिकित्सा अधिकारी),"54,मनोज उपाध्याय तूलिका स्कूल वाली गली",079746 65578,
,Samarth Ayurved - Best Sexologist Doctor in Morena - Ayurvedic Erectile Dysfunction/Men's Weakness Treatment,"Barial Road, near Kansana Bunglow",095228 80022,
,"Dr.Saurav Sharma डॉ सौरभ शर्मा (BAMS, MD Ayurved) Arogya ayurved & panchkarm chikitsalay आरोग्य आयुर्वेद & पंचकर्म चिकित्सालय","Bhoj bhawan, Mahaveer Wali Gali",079873 16885,
,Dhanvantari Ayurveda Clinic,F-7 MPEB Colony Near old bus stand,,
,Vatsalam Patanjali Arogya Kendra,M S Road,,
,SHRI GAJANAN AYURVED & PANCHKARM KENDRA,"Old houseing board Colony dr p k tomar CHAURAHA, EWS 42, opposite Tilhan sangh qwaters",,
,Swarnaprashan,"F-7, near old bus stand",,
,"Ayurved Bharati Clinic - Best Ayurvedic Doctor and Ayurvedic Treatment Centre for Cancer in Morena, Gwalior","Ayurvite Wellness Private Limited, VIP Rd",083700 30485,
,Dr.Mukesh Prajapati (आयुर्वेद चिकित्सा अधिकारी),"159/39 Gaytri colony, near vidhyavati hospital, in front of SP Bunglow",,
,Ayurvedic Vaidya,"Ram, Solanki Wali Gali",,
,Nagendra Chikisthalay,"G222+VMJ, Station Rd",094257 80666,
,Dhanvantri aaryuved kender,Jain mandir road palika bazar Mahamaya mandir ke pass,,
,Chhaya Clinic,"00, Aampura Rd",096691 33551,
,Government Ayurvedic Hospital,"Senthara, Porsa, Morena, SH-2, Morena",096854 02403,
,Patanjali Chikitsalaya,"NEAR KANSANA, BHAWAN, M.S. ROAD",094073 48736,
,Winning Consumers Product,,,
,Rathore.Clinic.,GX3W+RVJ,079749 79903,
,Om Shri Sai Ji Clinic (Dr.Ajay Rathore),G257+FJ6,,
,"Ayurvedic Nurotherepy Acupressure Treatment/poonam traders , dhanwantari frenchise",Unnamed Road,,
,IMC Ayurvedic Harbal Store,Ater Road Porsa,081200 77765,
,Dr Shivani Tomar,"F3, ke samne, BSNL Tower, Chambal Colony Rd",,
,"Ayurved Bharati Hospital & Panchakarma Centre - Best Ayurvedic Hospital for Cancer with Panchakarma, Viddha Karma, Agnikarma","At Village - Kukthari, Tehsil - Ambah",083700 30485,
,Ayurvite Wellness Private Limited,"VIP Road, near Jiwaji Club",083700 30485,
,Gandhi Hospital,"FXWW+PFW, Nehru Park Rd",,
,Kaushiki skin and hair Clinic,"Triveni Dharmshala, Vankhandi Rd",090090 53807,
,Vedanshi Clinic (वेदांशी क्लीनिक),"G27C+9X7, Ambah - Morena Rd",,
,aayurveda clinic kendra,"shop no.41,road.2,ms road,Morena,Madhya Pradesh,476001,India shop no.41,road, 2, M S Road",070008 48015,
,Sikarwar aayurvedic clinic,"21,01, Sikarwar aayurvedic clinic, Vankhandi Rd",093013 76483,
,,,,
Sheopur,,,,
,,,,
,Vatsalam Patanjali Arogya Kendra,M S Road,,
,Patanjali Chikitsalaya,"NEAR KANSANA, BHAWAN, M.S. ROAD",094073 48736,
,Patanjali Aarogya Kendra,M S Road,097546 60688,
,Dr. Yadav G Ka Clinic,8QRV+QV6,090094 18094,
,Garg clinic,Purani Sabji Mandi Rd,,
,Rajesh Prajapati,5HV5+RX3,,
,Gurveer Ayurveda,"Pilli kothi back side, Pali Road",097814 24645,
,RAHAT HEALTH CARE,"Shop N, 1, Gandhi Ashram Rd",079992 09392,
,Dr. Rajendra Prasad Sharma,8RV3+HJH,090099 64850,
,Dr. OM prakash sharma,MM8W+QW3,,
,Sagar Ayurvedic Medicine,5F88+PM3,,
,Government Ayurvedic Hospital,"Govarda Khurd, Sheopur, SH-6, SS Road, Shivpuri",,
,,,,
Bhind,"Ayurved Bharati Hospital & Panchakarma Centre - Best Ayurvedic Hospital for Cancer with Panchakarma, Viddha Karma, Agnikarma","At Village - Kukthari, Tehsil - Ambah",083700 30485,
,"Ayurved Bharati Clinic - Best Ayurvedic Doctor and Ayurvedic Treatment Centre for Cancer in Morena, Gwalior","Ayurvite Wellness Private Limited, VIP Rd",083700 30485,
,"Dr.Saurav Sharma डॉ सौरभ शर्मा (BAMS, MD Ayurved) Arogya ayurved & panchkarm chikitsalay आरोग्य आयुर्वेद & पंचकर्म चिकित्सालय","Bhoj bhawan, Mahaveer Wali Gali",079873 16885,
,Dhanvantari Ayurveda Clinic,F-7 MPEB Colony Near old bus stand,,
,वैद्य राधाबल्लभ अग्रवाल (आयुर्वेद चिकित्सा अधिकारी),"54,मनोज उपाध्याय तूलिका स्कूल वाली गली",079746 65578,
,Dhanvantri aaryuved kender,Jain mandir road palika bazar Mahamaya mandir ke pass,,
,Ayurvedic Vaidya,"Ram, Solanki Wali Gali",,
,Swarnaprashan,"F-7, near old bus stand",,
,Vedanshi Clinic (वेदांशी क्लीनिक),"G27C+9X7, Ambah - Morena Rd",,
,Government Ayurveda Dispensary,F47G+V7J,,
,SHRI GAJANAN AYURVED & PANCHKARM KENDRA,"Old houseing board Colony dr p k tomar CHAURAHA, EWS 42, opposite Tilhan sangh qwaters",,
,Dr.Mukesh Prajapati (आयुर्वेद चिकित्सा अधिकारी),"159/39 Gaytri colony, near vidhyavati hospital, in front of SP Bunglow",,
,Nagendra Chikisthalay,"G222+VMJ, Station Rd",094257 80666,
,Samarth Ayurved - Best Sexologist Doctor in Morena - Ayurvedic Erectile Dysfunction/Men's Weakness Treatment,"Barial Road, near Kansana Bunglow",095228 80022,
,Winning Consumers Product,,,
,Dr. Anil Gupta,"M9C9+XFR, Gorelal Dharmshala Rd",,
,IMC Ayurvedic Harbal Store,Ater Road Porsa,081200 77765,
,Dr Girish vaidh Ambah,"Bus Stop, Porsa Chauraha, Pinahat Rd",,
,Om Shri Sai Ji Clinic (Dr.Ajay Rathore),G257+FJ6,,
,Chhaya Clinic,"00, Aampura Rd",096691 33551,
,Government Ayurvedic Hospital,"Senthara, Porsa, Morena, SH-2, Morena",096854 02403,
,चौहान वैध जी का औषधालय,"Pt.putturam, Gangaram Wali Gali",,
,"Ayurvedic Nurotherepy Acupressure Treatment/poonam traders , dhanwantari frenchise",Unnamed Road,,
,Ayurvite Wellness Private Limited,"VIP Road, near Jiwaji Club",083700 30485,
,Rathore.Clinic.,GX3W+RVJ,079749 79903,
,Saraswati imc herbal store,"Kadaka vatika, Ater Rd",,
,Vatsalam Patanjali Arogya Kendra,M S Road,,
,hindustani Ayurveda and Medical Research,"no 7, infront of icchapurna mandir, gandhi nagar street",,
,Ayurveda dawakhana,"सब्जी मंडी का नुक्कड़ बंगला बाजार लश्कर रोड़, Laskar road",086025 01108,
,Mukesh Ahint Ayurvedic,"HQ2X+MW9, Jamana Rd",,
,Patanjali Maharshi ayurvedic center,759H+Q96,,
,Baba Makhan Das Medical Store,"P64H+2R8, Porsa Rd",097527 82987,
,Psychiatry and Meditation bhind,"33, near bus stop",,
,Sanjeevan Aushadhalay Doctor Residence and Counseling Center,"Battalion S.A.F, Nandu Niwas, near Honda Agency, in front of 5 number gate 17",,
,धर्मेंद्र सिंह आयुर्वेदिक डॉक्टर,"HR32+6MX, Jamne mandir Road Road",,
,SANJEEVAN AUSHDHAYAL,HQCQ+4JQ,,
,Netrapal Singh ji Vaidhya,"HQGH+HHC, MP SH 2",,
,Patanjali Arogya Kendra & Store,Bhind Rd,,
,BABA DEVPURI MEDICAL,"Near K. S. Mill, Jouri Rd, in front of Rishi Galav College",097521 37514,
,Harioudh Dispensary,"HQ8P+WCQ, MP SH 19",,
,Shuddhi Hiims (Gwalior) Ayurveda Clinic,"C-23/2 , First, near, Chauraha, University Rd",087920 87920,
,Gandhi Hospital,"FXWW+PFW, Nehru Park Rd",,
,Sanyasi Ayurveda,1,093295 72575,
,Skinos Ayurveda & Panchkarma Centre - Best Ayurvedic Clinic in Gwalior,"A-8, Tansen Rd",089627 06760,
,Dr. Shubham Sharma,R892+QCV,095844 41242,
,Patanjali Chikitsalaya,"Kumhraua Road,, Arya Nagar",094256 05574,
,OM AYURVED PANCHAKARMA CLINIC (Dr.Ashutosh Goyal),"Nakkasha No 2 Ram Kui, Gali, Nai Sadak",092002 06080,
,Dr Shivani Tomar,"F3, ke samne, BSNL Tower, Chambal Colony Rd",,
,B.J. & Sons Dabur Ayurvedic Center,"Gopal Ji Complex, Sadar Bazar, Sadar Bazar Road, Morar",#ERROR!,
,Nitin Ayurvedic Center Devi Dava Vaidya,"66CM+7F6, MH Rd, Opposite Marimata",070497 89605,
,Bangali Dawakhana,"66W8+WJ8, Pintopark Infront Police Choki",098273 23734,
,Sejal Ayurvedic Dawaghar,66F8+WWP,086710 34779,
,Sai Ram Ayurveda & Panchkarma Chikitsa Kendra - Best Ayurvedic Treatment in Gwalior,"Shop No-7, Near Oriental Bank, Shabd Pratap Ashram No.2",,
,Jiva Ayurveda Clinic - Gwalior,"Bajrang Plaza, Plot no 302 First Floor, Sachin Tendulkar Rd, near BSNL",093114 01963,
,Samarth Ayurved,"1st floor batham tower,near kaila deve temple Mela road, Gole Ka Mandir Rd",,
,Deep medical,,,
,Ayurvedic Doc Shivani Vedasmantra,Hazira,097545 61114,
,Jain Ayurved Kendra,"65JF+82X, Kila Gate Rd, Near Jain Mandir",099261 01445,
,Haridwar Ayurvedic Spine Centre (Dr. Dharmendra Richariya) Ayurvedic panchkarma practitioner,"M, 258, Madhav Nagar Rd",084358 16730,
,Punarjani Ayurveda Panchkarma & Infertility Clinic,"Vardhan Apartment, University Rd, near Monte Carlo show",0751 400 7236,
,Dr. Heena kakwani's Nirvaan Ayurved Clinic and Panchkarm Centre,"Shitole Sahab Ka, near Shri Ram Palace",087706 54053,
,Maa Bhageshwari Ayurveda Panchkarma Center,32 Marghat Road Gadai Pura,083193 87461,
,आरोग्य क्लिनिक,"66X8+4QC, Pinto Park Rd",,
,Om Ayurveda Nirog Dham,"55VH+83Q, Harishankar Puram, near Dr. Ashok Tiwari",099930 07676,
,Dr. Sangram Singh sisodiya,colony jail road,,
,BENGALI CLINIC,"267,SHATABDI PURAM,DD NAGAR,Gwalior,Madhya Pradesh,474012,India 267",090740 62875,
,,,,
Gwalior,"Ayurved Bharati Clinic - Best Ayurvedic Doctor and Ayurvedic Treatment Centre for Cancer in Morena, Gwalior","Ayurvite Wellness Private Limited, VIP Rd",083700 30485,
,Nagendra Chikisthalay,"G222+VMJ, Station Rd",094257 80666,
,Patanjali Maharshi ayurvedic center,759H+Q96,,
,Skinos Ayurveda & Panchkarma Centre - Best Ayurvedic Clinic in Gwalior,"A-8, Tansen Rd",089627 06760,
,Samarth Ayurved,"1st floor batham tower,near kaila deve temple Mela road, Gole Ka Mandir Rd",,
,"Dr.Saurav Sharma डॉ सौरभ शर्मा (BAMS, MD Ayurved) Arogya ayurved & panchkarm chikitsalay आरोग्य आयुर्वेद & पंचकर्म चिकित्सालय","Bhoj bhawan, Mahaveer Wali Gali",079873 16885,
,Jiva Ayurveda Clinic - Gwalior,"Bajrang Plaza, Plot no 302 First Floor, Sachin Tendulkar Rd, near BSNL",093114 01963,
,Shuddhi Hiims (Gwalior) Ayurveda Clinic,"C-23/2 , First, near, Chauraha, University Rd",087920 87920,
,SAMADHAN AYURVEDIC AND PANCHKARMA CHIKITSALAYA ( DR. ANIL GUPTA AND DR. SADHNA GUPTA ),"Roxy Pul, near Kartar Hotel",098273 55759,
,"Swami Vivekananda: Ayush Dispensary, Gwalior, M.P.","Sharada Balgram, Sachin Tendulkar Rd",097135 96697,
,Sai Ram Ayurveda & Panchkarma Chikitsa Kendra - Best Ayurvedic Treatment in Gwalior,"Shop No-7, Near Oriental Bank, Shabd Pratap Ashram No.2",,
,Dhanvantari Ayurveda Clinic,F-7 MPEB Colony Near old bus stand,,
,Dr Bharadwaj Ayurveda Care Hospital ( old name- Sanjeevani),"First Floor, Krishna Tower, Opp Mishra Petrol Pump, near Central Park Hotel",094065 02975,
,Ayurvedic Vaidya,"Ram, Solanki Wali Gali",,
,OM AYURVED PANCHAKARMA CLINIC (Dr.Ashutosh Goyal),"Nakkasha No 2 Ram Kui, Gali, Nai Sadak",092002 06080,
,Sanjeevani Ayurvedic Hospital,in front of SP Office,091313 47713,
,SHRI GAJANAN AYURVED & PANCHKARM KENDRA,"Old houseing board Colony dr p k tomar CHAURAHA, EWS 42, opposite Tilhan sangh qwaters",,
,Sanyasi Ayurveda,1,093295 72575,
,वैद्य राधाबल्लभ अग्रवाल (आयुर्वेद चिकित्सा अधिकारी),"54,मनोज उपाध्याय तूलिका स्कूल वाली गली",079746 65578,
,Haridwar Ayurvedic Spine Centre (Dr. Dharmendra Richariya) Ayurvedic panchkarma practitioner,"M, 258, Madhav Nagar Rd",084358 16730,
,Dr. Sheikh | Best Sexologist in Gwalior | Top Ayurvedic Sexual Health Specialist Doctors,Gole Ka Mandir Rd,098370 23223,
,आरोग्य क्लिनिक,"66X8+4QC, Pinto Park Rd",,
,Punarjani Ayurveda Panchkarma & Infertility Clinic,"Vardhan Apartment, University Rd, near Monte Carlo show",0751 400 7236,
,ayurvedic aushadhalaya,"179, Line Number 3",094257 55964,
,B.J. & Sons Dabur Ayurvedic Center,"Gopal Ji Complex, Sadar Bazar, Sadar Bazar Road, Morar",#ERROR!,
,AYURVED CLINIC,"27, near Prabha Hotel",090090 48827,
,Samarth Ayurved - Best Sexologist Doctor in Morena - Ayurvedic Erectile Dysfunction/Men's Weakness Treatment,"Barial Road, near Kansana Bunglow",095228 80022,
,"Ayushmaan Ayurvedic Super Specialty Clinic for Piles, Fissures, Fistula-in-ano & Abscess",30,075095 70570,
,"Ayurved Bharati Hospital & Panchakarma Centre - Best Ayurvedic Hospital for Cancer with Panchakarma, Viddha Karma, Agnikarma","At Village - Kukthari, Tehsil - Ambah",083700 30485,
,Dr.Mukesh Prajapati (आयुर्वेद चिकित्सा अधिकारी),"159/39 Gaytri colony, near vidhyavati hospital, in front of SP Bunglow",,
,#ERROR!,"76GC+7GH, D.D.Nagar Gate, Airport Rd, opp. State Bank",,
,DR Anil Mangal,"12 A chandra nagar ex. Lashkar, Gwalior, Madhya Pradesh",,
,DR. K L SHARMA,"591 Army Bazariya, Tota Ki Bazariya, Near Command 2nd Batalian, Lashkar",096441 92896,
,Vaid Pradeep V Ghodke,opp. New,094251 12686,
,Amit ayurvedic medicine,·,093992 53516,
,Dr. Rupak Ji - Best Ayurvedic Sexologist Doctor In Gwalior,"Shop No A-8 Shastri Market, MLB Bypass Rd",070002 44282,
,Ojas Ayurved Panchkarm & Pain Management-Best Skin/Hair/PRP/Aesthetic/Infertility Treatment Leech/Cupping Hijama/Swarnprashan,"D-19, 20/1, Harishankar Puram Rd",094797 74340,
,Shatayu advance ayurved and physiotherapy clinic - Best Ayurvedic Treatment Clinic | Thyroid Treatment Clinic in Gwalior,"Plot no F 30, F- Block, near muktanand mandir",,
,Maa Bhageshwari Ayurveda Panchkarma Center,32 Marghat Road Gadai Pura,083193 87461,
,Dr Beni Madhav Shastri,55W4+CM3,,
,AYUSHMAAN clinic,"Vaishno Dham, road",089098 63535,
,Charaka Ayurved & Panchkarma Chikitsalaya,"55W6+3Q9, Hanuman Mandir, Hospital Rd",094251 21128,
,Mangalam Ayurved Hospital and Panchkarma Research Center,"12 A, Chandra nagar, Kherapati Temple Rd",083499 55641,
,Om Ayurveda Nirog Dham,"55VH+83Q, Harishankar Puram, near Dr. Ashok Tiwari",099930 07676,
,Samarth ayurveda sexual health clinic,586,,
,Ayurmanav Ayurveda,"Kamadgiri Apartment, Bahodapur Rd",,
,Dr RAJESH KUMAR. {AYURVEDIC},,,
,Dr Uma Mangal,"12-A, Chandra nagar, near mangal nursing home, apati road,",083499 55641,
,Nitin Ayurvedic Center Devi Dava Vaidya,"66CM+7F6, MH Rd, Opposite Marimata",070497 89605,
,Jain Ayurved Kendra,"65JF+82X, Kila Gate Rd, Near Jain Mandir",099261 01445,
,Dr. Aijaz Khanooni Clinic,Dargah Hazrat Khwaja Khanoon RA Gwalior - 474003,,
,Ayurvedic Doc Shivani Vedasmantra,Hazira,097545 61114,
,Swarnaprashan,"F-7, near old bus stand",,
,Madhavbaug clinic - Gwalior (Vikas Nager),"B, First Floor, near Apollo Hospital 39, near Apollo Hospital",,
,Agarwal Ayurvedic Stores,"66CF+XFX, Saudagar Santar",0751 403 0447,
,Demo,"1, Near, Gubbara Phatak",,
,Dr. Prashant Sharma- BAMS in Gwalior,Dr. Prashant's Ayurvedic Clinic Govt Ayurveda Hospital,079871 17693,
,Sejal Ayurvedic Dawaghar,66F8+WWP,086710 34779,
,Dr. Narendra Kumar - Best Piles Treatment Without Surgery | Fistula | Fissure Treatment in Gwalior,"Sagar Medical Ke Upar,Chappar Wala Pull Near Dr Bhojwani X-Ray ,Sudarsan Hotel Ke Aange",098938 23673,
,Ratan Arogyam Ayurvedic And Dental Clinic,"A-343, Sagartal Rd, in front of Suraj Sundram Garden",076938 04202,
,Shreeji Ayurvedic Stores,"Sitharam Complex, Opp Saudhgar Santhar, Sadar Bazar, Morar",0751 402 6685,
,Government Ayurvedic College & Hospital,55Q7+54M,0751 237 2802,
,Dr. Heena kakwani's Nirvaan Ayurved Clinic and Panchkarm Centre,"Shitole Sahab Ka, near Shri Ram Palace",087706 54053,
,Gokul Panchkarm Clinic,"65JF+W3H, Kila Gate Rd, Near Arya Samaj Mandir",088786 07919,
,"Dr. S Biswas - Piles, Fistula, Fissure, Skin Disease Treatment By Excellent Medicines Without Operation At Reasonable Price","Sewa Nagar Kila Gate Road Tail, Mill Wali Gali, near masjid",093032 23767,
,Skinos Ayurveda-Best Hair Transplant centre in gwalior,"65FJ+28H, tansen nagar",,
,Jeevan Sudha Ayurvedam,"11, Vindhyachal Complex, Behind Airtel Office, Unnamed Rd",089823 59543,
,Skinos Ayurveda,"A-8, Tansen Rd",099262 31326,
,IMC Ayurvedic,"Shop 13, Near State Bank ATM Tanseen Rd, Hazira, 474003",,
,पतंजलि चिकित्सालय एवं स्टोर,·,079997 90742,
,J.S Memorial Hospital,,,
,MARMA Tharapy,"SRI SRI OJUS AYURVEDA PANCHKARMA, D-5, Sachin Tendulkar Extention Marg, near LEKMI SALOON",,
,Charak Ayurvedic,kampoo choraha,088893 79146,
,Ayurvedic Health Care Clinic,·,091650 00038,
,अजंता IMC हर्बल आयुर्वेद केअर सेन्टर,"C-33/A, Gandhi Nagar Rd",096753 00356,
,Arogyam,Laxmi Ganj Rd & AB Rd,0751 409 3590,
,AYUPRAVESH - AYURVEDA CONSULTANT,"GOVT AYURVEDA COLLEGE & HOSPITAL, near MANDRE MATA MANDIR",,
,Dr Alok Singh,no. 2,077728 83615,
,BENGALI CLINIC,"267,SHATABDI PURAM,DD NAGAR,Gwalior,Madhya Pradesh,474012,India 267",090740 62875,
,92-93 Sarthak ayurveda & panchkarma clinic,55WC+VFP,,
,Aastha Aushadhalaya,"6556+W63, Shinde Ki Chhawani Road, Lashkar, near Bijli Ghar",094069 89923,
,Ayurvedic Dwakhana,"65C3+M2G, Jadahav Colony, Tiraha",093032 96032,
,श्री खेड़ापति IMC मेगा हर्बल आयुर्वेदा स्टोर डिस्ट्रीब्यूटर,"Front of Khedapati Temple, C-33/A, Gandhi Nagar Rd",096753 00356,
,Patanjali Chikitsalaya,·,098262 26114,
,Patanjali Sampurna Ayurved Kendra,Near Bank Of India,0751 242 0535,
,SUDHA AYURVEDIC AND HERBAL SHOP,655W+9XG,,
,Real Ayurveda,55QC+JMX,,
,Shiv Shakti Ayurvedic,Gandhi Rd,096917 68352,
,,,,
Ashoknagar,,,,
,Vidhya ayurveda,HPHJ+2PX,,
,"Chitrans Clinic, Vidisha Road, Ashoknagar","HPFM+826, Vidisha Rd, Near Ashoknagar Bahadurpur Rd",075432 23405,
,Jan Aushadhi Kendra,Vidisha Rd,099933 07188,
,Patanjali Chikitsalay,"natraj complex, Gandhi Park Rd",097133 91014,
,BALAJI HOSPITAL AYURVEDIC,"WRFX+R9J, Unnamed Road",,
,,,,
,,,,
Shivpuri,,,,
,Narmade ayurvedam multi speciality panchkarma center,near omkar school DP ke samne,,
,Ksharsutra Clinic,Road,098936 69371,
,Vaidhji devendra,"RVQ9+QWM, MP SH 10",,
,BALAJI HOSPITAL AYURVEDIC,"WRFX+R9J, Unnamed Road",,
,ONLINE YOGA GUNA MP,"H/n J-54, behind utsav vatika",088795 08404,
,Surjan Ayurvedic Pharmacy,"M827+28V, Subhash Marg, Haat Road, opp. Veterinary Hospital",099813 13131,
,shree somnath ayurvedic aushdhalaya,gopal mandir,096854 60424,
,patanjali ayurved chikitsalaya tel ghani ab road guna mp,"tel ghani, AB Rd",097525 91924,
,GANPAT RAM PASARI AYURVEDIC AUSHDHALAY,·,07492 356 174,
,Ayush Clinic & Ayurvedic Panchkarma Center,Shivpuri - Jhansi Rd,093297 07844,
,Rajesh Dhakad,Semri Khurd 473885,,
,Ayurvedic doctor,"Near gurjar talab, Infront of siddheswar mela ground",,
,Shri Bhragu Ayurvedic Mandir,AB Rd,079877 38645,
,Pushp Sara,"202/1/1, PW No. 52, Village-Dholbaj",095893 10482,
,Patanjali Ayurveda,,,
,Dr abhishek kumar goyal,"Near gurjar talab, Infront of siddheswar mela ground",,
,Vidhya ayurveda,HPHJ+2PX,,
,"Dr.Suresh Jain,Asha Clinic,Mahal Road,Shivpuri MP",Mahal Road,,
,Bhrigu Ayurvedic Medical,"CMM8+QH5, near sabji mandi",,
,DR B.L.RAI,"near airport, in front of stadium",,
,SANJU BARELA HOUSE,·,062600 39047,
,Dr.Vijay Anand Sharma,"CM46+WFR, I.t.b.p",093000 11902,
,Guna Homoeopathic Medical Care,,,
,Sushma Ayurved Medical Store,CM96+V83,07492 450 089,
,"Patanjali chikitsalaya & Store, Guna",main road,090390 97697,
,AYUSHMAN HOMOEOPATHIC CLINIC AND MEDICAL,"J8X8+9VJ, Maharana Pratap Rd",090090 21350,
,Dr Neeraj Meena,"J8R2+GM4, Littile Angel School Road",,
,Patanjali Chikitsalay,"Ground Floor Savarkar Colony Market, Gurudwara Chowk, Dharamshala Rd, opposite Guttumal",094257 64999,
,Dr.brij Raghuwanshi,,,
,Adarsh Clinic Dr.S.K.Chaturvedi,"Stadium road, near jadhav sagar lack",094257 10440,
,संजू बारेला,"Gram kherikhata post, dist",,
,Dr. Abhishek Dwivedi,CMG7+RJ2,074157 72776,
,ADARSH CLINIC,·,094257 10440,
,Dr.Anand Intregated Clinic,"Sadar Bazar, ditt.M.P),",,
,AWPL (Asclepius Wellness Pvt. Ltd.) Office,"Samrat hotel piche, dev press ke paas, Hanuman Gali",,
,Mangal drug agency,Prakash Talkies Gali,094253 80840,
,hospital,CM96+684,,
,Shivpuri Imc Stores,CMP7+8X5,,
,Gwal Ayurveda,M848+F8P,,
,Indicveda,"J8W7+WP4, Dheeraj, Vijaya Bank, Pawaiya Complex, A B Road",076003 10810,
,Shri Giriraj Ayurvedic Agency,"CMC4+PQ2, Gurudwara Chowk, AB Rd",,
,,,,
,,,,
Guna,,,,
,धनवन्तरि आयुर्वेदिक औषधि भण्डार,,,
,Patanjali Chikitsalaya,Opens soon,094248 74397,
,Maa pitambara ayurvedic aushadi bhander,MF78+2H4,,
,Swasti Arogyam - Dr sanket Mishra,Open,,
,शासकीय अयूर्वेदिक हॉस्पिटल,MFH6+5CG,,
,Kankane Ayurved,"Bada Bazar, Vivekanand Chowk",,
,Shree Sharma Ayurved Mandir,MF44+F9F,,
,Sharmayu Genuine Ayurveda,Open,093020 31806,
,Shrotriya's Clinic,MF88+J75,094257 41497,
,DDRC Datia district hospital,"MF85+22G, Unnamed Road",,
,Bhawanivilas Palace,,,
,,,,
Alirajpur,,,,
,,,,
,Arogyam Ayurveda Centre,2H4H+PC7,090982 33170,
,Ayurved Clinic,3W45+HPV,,
,AAISH AYURVEDIC AUSHDHALAY,National Hwy 752 B,,
,"Ishvar Ayurved Hospital - Best Ayurved Hospital in Lunawada, Panchkarma, Garbh Sanskar, Infertility Centre in Lunawada","101,Nandan Arched, Modasa high way, opp. mahindra show room",094290 34294,
,आयुर्वेदिक चिकित्सा,JGFV+5G,,
,सरदार सिंह पारगी,8452+78,,
,Sadashiv Ayurvedic Clinic,4JG4+6WW,,
,M. Mahadev Herbal Care,"4JG5+HX3, Kuvara Chowk, Nr. Dalabhai's Maad,Besides Police Station",,
,bhagvati ayurved hospital and panch karma kendra,"44, Zalod - Ahmedabad Hwy",,
,Dr. Varun Saraf,"7 Tilak Marg, Amla line",099931 16463,
,,,,
Barwani,"Nisarg Homeopathy, Ayurvedic Clinic","2WM2+W7X, LIC COMPLEX near Central Bank, Facing District Hospital Gate",,
,Shri Dhanvantari Ayurved,"Ashagram Rd, near Ranjeet Club",098936 68885,
,Sarswati gupta madam doctor,2WP2+4M4,099812 48144,
,Govt Ayush wing panchkarma therapy,"2WM2+M43, MP SH 26",,
,DR DEVENDRA PATIDAR AROGYA HEALTH CARE CENTRE,2WQ2+6VF,,
,"Shri Krishna Ayurved Clinic , Kari , Barwani",2WJR+7FX,,
,Psychology and Meditation barwani,"bus stand, 32, near barwani",,
,Vedam Polyclinic & Diagnostic Centre (वेदम् पाॅलीक्लीनिक एण्ड डायग्नोस्टिक सेन्टर),"159/10, Anjad, Road",099814 52868,
,Dr.Rahul Patidar,"near kanakshree medical stores, behind court",,
,Dr. Tarun Patidar sampoorn ayurved panchkarm center,"MP SH 38, Dhamnod Rd, opp. Bal Vidhya Mandir School",075662 64832,
,Dr joseph sulya,"2VMX+RCM, Kachahari Rd",,
,Dr. Choyel,2WG2+8W5,,
,patanjali arogya kendra ( Yatharth Ayurved),MP SH 39,094793 79996,
,गोविंद आयुर्वेदिक दवाखाना GOVIND AYURVEDIC,"04 bhawani chouk Sardar vallabh bhai Patel Complex, in front of madhur Courier",081090 24183,
,AAI JI AYURVEDIC & HERBAL SEVA SANSTHAN FOUNDATION,Khargone - Barwani Hwy,,
,Ayurved dhanvantari panchkarma chikitsa center,"Near Axis Bank n Jain Mandir sanawad road Khargone mp, Bus station area, Sanawad road president hotel",,
,Sairam ayurvedic panchkarma & infertility clinic(Dr Vikas mukati),behind gaytri temple,,
,Life Care Clinic,"Near K.K. Electronics, Molana, Maulana Azad Marg",088508 46881,
,Dr. Varun Saraf,"7 Tilak Marg, Amla line",099931 16463,
,Shatakshi ayurved clinic sendhwa,40 Motibagh shankar gali Sendhwa,,
,Shri Dhanvantari Ayurveda & Panchkarma Clinic,Gayatri Mandir Chouraha,,
,Dr Laxman Awasya,"2WV6+6PJ, Ashagram Rd",089892 73561,
,Ayurvedik Dham and panchakarma specialist centre,"134, Tilak Path",097139 26912,
,Surya Medical,·,099938 15777,
,,,,
Burhanpur,Mangal Ayurvedic Clinic,Tilak Rd,,
,Devendra Shastri Ayurvedic Clinic,"863H+H84, Unnamed Road",,
,Jain Health Care Center,"New Indira Colony, Burhanpur, Madhya Pradesh 450331, Next to Digambar Jain Mandir, near Milian Methai house",094075 37670,
,Aarogya ayurved panchakarma evam yog kendra,"near, shah bazar, Shani Mandir Rd",097554 37171,
,Shamlal Paliwal Ayurvedic Oshadi Bhandar,"Plot No, Nav Durga Chowk, 13B, Qila Rd",099813 53351,
,Swasthayu ayurvedic clinic and panchkarma centre,"In front of Nimar Hospital, Amravati road, near Mannapuram gold loan bank",090110 53562,
,"ARAM KING ALL,ITWARA",868P+9H9,,
,Shamlal Lalchand Paliwal Ayurvedic Kirana Shop,"Shamlal Lalchand Paliwal, Navdurga Chowk",094066 89488,
,NITYAM AYURVED EVAM PANCHAKARMA CHIKITSALAY,beside TAPTI HOSPITAL,,
,SHIVOHAM MULTI-SPECIALITY AYURVEDIC PANCHKARMA & KIDNEY TREATMENT CLINIC,"Amravati road, Madhya Pradesh State Highway 27 S 103, 2nd floor, Krishna kunj complex Infront of Nimar Hospital",098934 31398,
,Dr Jimmy Clinic,Arco complex Shanwara Chowraha,070004 21417,
,Varma Ayurvedic Stores,"Gandhi Chowk near Kamal Hotel, Gandhi Chowk, Old Nagar Nigam Rd",,
,Shafin Herbal Care ( Unani Pharmacy ),"Near Syndicate Bank Jay Stambh Shanwara, Road",,
,Khidki wale hakim ji,"122, Budhwara Rd",,
,AL JILANI HEALTHCARE CLINIC,"Near Iqra School, Chandarakala, Loharmandi Rd",,
,Sarvayush Naturopathy & Yoga Research Center,Amravati Road,,
,Alamgeer Quadri Unani Clinic,"867J+9H8, Loharmandi Rd",,
,Dr.Surendra Jadhav,"72, Adarsh Sevalay, Karanj bazar, Rajghat Rd",099260 30285,
,Meet Wellness Point,"865M+99G, Kunshara Bazar Rd",,
,Adarsh Tulaskar,864H+4C5,,
,Dr. Naseem Akhtar Ansari,"869J+HJX, Loharmandi Rd",,
,All is Well Super Clinic Burhanpur,in front of HDFC Bank,,
,"Dr S M Sadiq , Clinic care","House num 141/10, Budhwara Rd",,
,Hakeem pathan sahab,"862H+VCV, eid gaah raod, behind hotel shree maya shahi",,
,,,,
Indore,,,,
,,,,
,Sparsh Ayurveda Panchkarma Wellness Clinic Indore,"Capital Tower, 8, Sapna Sangeeta Rd",074006 06060,
,Ayurveda Consultant-Best Ayurvedic Doctor In Indore,B-65 Tricone City,096300 31233,
,Jiva Ayurveda Clinic and Panchakarma Centre - Indore (Ayurvedic Doctor in Indore | Ayurvedic Hospital in Indore),"Manor G-4, Plot, Sanghi, 6/2, Yeshwant Niwas Rd, near Rani Sati Gate",093118 15818,
,Kayakalp - Best/Top Ayurvedic doctor / panchakarma shirodhara treatment massage center in indore near me,"18/2-c, Royal Avenue, 102, Lala Banarasilal Dawar Marg",098277 75075,
,Nisarg Ayurvedic Clinic & Panchkarma Centre,"34, Tower Chouraha, behind Shitla Mata Mandir",,
,Aayush Ayurveda & Panchkarma,"105, Times Square 1, near Sapna Sangeeta Road",097555 67611,
,Ayurved And Panchkarma Clinic (Bhawarkuwa)Dr.Shivdayal Barde,"जानीदेवी आयुर्वेद, Bholaram Ustad Marg",095843 00960,
,Dr Shahs,"M6 Amardarshan, 28/2 Old palasia, Saket Square",092294 55119,
,Prabha Ayurveda,"201 A, Sheetal Nagar, near Radisson Hotel",082259 82258,
,"Dr. Haldar's Piles Care Centre, Indore","306, 3rd Floor, 8, Capital Tower, Lift, Sapna Sangeeta Rd, near Agrasen Square",096912 41120,
,"Care Ayurveda Clinic, Kshar Sutra Therapy",FH-449 Sceme No 54,098270 89853,
,"Dr Anurag Jain MD Ayurved | Best Ayurvedic Doctor / Clinic, Ayurveda Panchakarma Clinic in Indore","M-8, Amar Darshan, Saket Anand Bazar Square",094253 11773,
,Dr Akhilesh Shrivastava-Ayurveda Speciality Clinic.,near union bank,099932 81713,
,Dr. Sahitya's Ayurveda Wellness Clinic Best Ayurveda Doctor in Indore for Obesity Arthritis PCOD/PCOS Male/Female Infertility,"68,Bhaiyaji Road, opp. Mother Diary Ground",070575 86983,
,Dr Sushma Khandelwal / Dr Sushma's Ayurveda hub / MD Ayurveda/Swarnprashan/Nadi Vaidya/counsellor/fertility clinic/migraine,"5, 47, Sapna Sangeeta Rd, next to bajaj sojatya show room microwave, opposite Gujarat Sweets",,
,Sattvam Ayurveda- Multi speciality Ayurveda clinic and panchkarma center,"floor, 29, first, 1, Kanadia Rd",081098 74533,
,Dr Sandeep Ayurvedic Clinic in indore | Best Ayurvedic Doctors in Indore | ayurvedic doctors in Indore,"Navneet Priya Apartment, A/724, Annapurna Rd, in front of Dussehra Maidan",094254 73908,
,Brahm Vedicure Ayurveda Panchkarma clinic,"H- 1161/1162, Rajeev Awas Vihar, Sch. No. 114",,
,Trisutra Ayurveda Clinic & Panchkarma Center,"G1, Regency Ambika building, 44 shree nagar extension Chandralok Square",095221 15678,
,Dr Vikas Dabkara,·,098269 33444,
,Dr Gupta's Dental Clinic & Hair Skin Ayurvedic Panchakarma Center,"59-B, near Bank of Maharashtra, opposite to Monika Galaxy",098263 98233,
,Moksha Sanjeevani Ayurveda and Panchakarma Treatment,"362 A Old Agrawal Nagar, Navlakha Rd, opposite Old Car Bazaar",,
,"Shashwat Ayurveda Panchkrma & Ksharsutra Clinic (piles, fissure and fistula speciality)","G-1 Adinath Apartment plot no. 317 A, Silicon city, Agra Bombay Rd",081030 87970,
,Siddhi ayurved panchkarma clinic,"23, Nyay Nagar Rd, near bridge",079876 99480,
,Shuddhi Hiims Ayurveda Clinic,"EB-254, Bombay Hospital Service Rd, behind Bombay Chemist",087920 87920,
,"Narmade ayurvedam panchkarma centre Dr.neeraj Yadav (BAMS),M.S.(AYU)",267 Shree Nagar extension Near chandralok square,,
,Vishwa Vyasam Ayurvedic Clinic,"Harmony Plaza, 107, Sapna Sangeeta Rd, opposite Lotus Showroom",,
,Dr Saloni Raghuwanshi Ayurvedic clinic,·,099771 55000,
,Dr. Akhilesh Shinde's Ayurved Cancer Care Indore,"69, Prince Yashwant Rd, behind Gurudwara",088891 88821,
,Yatharth Ayurveda and panchkarma clinic,157-B,,
,Sumedha Ayurveda Clinic & Panchkarma Centre,"105, Sapphire Heights, 12A, AB Rd",091118 00959,
,Shafin Herbal Care ( Unani Pharmacy ),"Near Syndicate Bank Jay Stambh Shanwara, Road",,
,Dr. Shahs Panchkarma Ayurveda Clinic,"28/2, Khargone - Indore Hwy",,
,Niramaya Ayurvedic Clinic & Panchkarm center,"163, Kila Maidan Rd",091792 80121,
,Dr Deepika Gorani,"Vikram Tower, 350 2nd Floor, Sapna Sangeeta Rd",099260 54789,
,Guru Ayurvedic Aushadhalaya (Chandiprasad),"PVF7+695, Jail Rd",,
,Punarnava Ayurvedic Center G3 Sunrise Apartment 183 Vidhya Nagar Near Gurudwara,MVX9+87F,,
,Kalyanam Ayurvedic hospital,"34, CAT Rd",099933 39528,
,Dr Pankaj Chansarkar,254,077278 81003,
,Guru Manish - Best Ayurvedic Treatment,"SHOP UG 7, ground floor, Girnar Tower, near 56 dukan, main road",074238 74238,
,Vaidya [dr] Lokesh Joshi,"43, Tilak Path",0731 498 0888,
,Divya Sanjivani Ayurveda - Multispeciality Clinic & Panchakarma Center,"8-A, Bhavanipur, Opposite Choithram OPD, Annapurna Rd, near HDFC Bank, Suraj Medical",,
,Shri Ambar Ayurveda Panchakarma Chikitsalaya & Agnikarma Kendra,"639, Narendra Tiwari Marg",094793 60161,
,Dr. Ashlesh Chourey Ayurvedic Clinic,137,,
,Sanskar Ayurved Neurotherapy & Panchakarm Clinic,"UG-3, Lakshya Square, Khandwa Rd, opp. Queen's college",098260 53539,
,Dr. Parashar's Ayurveda Clinic,"G - 9, Ahinsa Tower, 7, Mahatma Gandhi Rd",,
,Dr. Jain's Panchkarma Ayurveda Centre,"B-90 Greater Brajeshwari, behind JMB sweets",098270 90294,
,Prabha Ayurveda & Panchkarma,"Khajrana main road, Anand Bazar Rd, above Himalaya Store Infront of Wine Shop",082259 82258,
,AJIT AYURVEDA,"Sneh Corner, G4, 17, Anand Bazar Rd",098936 23554,
,Ayurcare Multispeciality Clinic | Dr. Anand Ghanghoriya MD (Med.)Ay | Skin Disease Clinic | Joints Pain Clinic | Sex Clinic,"3DS-1, near, water tank 78",089599 93088,
,dr.pradeep okh,10 gagjiwan ram nagr,,
,Bhardwaj's Ayurvedic Clinic,"Shop No.7, Nemawar Rd",094250 52547,
,RAVANA AYURVIDYA,"Shekhar central, M-7",080 4581 3596,
,r-Ayurveda,"Narendra Tiwari Marg, 635A, Sudama Nagar Main Rd",079746 81995,
,Yashfeen - The Ayurvedic Clinic,"G-5, Rafael Tower",098273 81345,
,Kerala Ayurvedic Bhavan,"Garden, BetweenAdvance Acadamy schoo and Best price wholesale market, opposite Velvet, behind Vasundara Complex",098936 01177,
,Siddha Ayurvedic Aushadhalaya,"167, Dr. Ambedkar Nagar, Behind CHL Hospital, Opposite Shiksha Niketan, School",096919 12009,
,Amrut Ayurveda clinic and Panchkarma centre,238,099264 72323,
,Dr. Vinaya thakre,"Atal Dwar, HIG Main Rd",099266 67010,
,Akhand Ayurved Bhawan,"209 Divine Greens, near ISKCON",092291 15518,
,Aryavaidyam Ayurveda,"Office 211, NRK Bizpark Building, 261, AB Rd",070008 67198,
,Ayurvedic Clinics,"7, 1, Chhawni Rd",,
,world of ayurveda Dr Yasha,PVXF+3H7,099070 13423,
,Charak ayurved Clinic,"4, Airport Rd",,
,Patil Ayurvedic Sadan,"No. 177/12, Vaishnav Stadium Jawahar Marg, Vaishnav Stadium Campus, Opp. Rajmohalla Petrol Pump, Raj Mohalla Chouraha,, Raj Mohalla",098260 74520,
,Narmade Ayurvedam Panchakarma Centre,"28, Khajrana Main Rd",,
,Vaidya Shelke's Siddharshi Ayurved,OFFICE NO 103 Scheme No:94 EC 15,,
,Chanda Ayurvedic,·,086021 13452,
,Indore Medical Hall (Ayurvedic Chikitsalaya),"81/ 12, main road, near national typing",089894 63513,
,"Divya Utkarsh Ayurveda & Yoga Health Ayurvedic Treatment, Medicines, Clinic","G-1,Gokuldham, Khandwa Rd",098260 42177,
,Dr. Ambalkar Clinic,"Trade House, M-8, 14/3, near Dhakkanwala Kuwa",099770 32320,
,Dr.Neeraj Vyas,"Mono Chamber, G-5, Mahatma Gandhi Rd",,
,Mrityunjaya Ayurveda Clinic,"118, Jain Mithai Bhandar, 119",,
,Nadi Vaidya Pushpa Shrivastava,"10 Baikunth Dham Colony, Anand, Raoji Bazar Main Rd",,
,Shushen Ayurvedic Clinic and Store,"1st Floor, Classic tower Malwa Mill Square",099939 73231,
,Arogyam Ayurvedic Cardiac And Multispeciality Centre,"9, Airport Rd",099266 68776,
,Ayurvedic Dawakhana,"50, Khajrana Main Rd",099269 10240,
,Aarav Multispecialty Panchakarm Clinic Indore,"Flat no.-D-1, Somnath Avenue",099939 77607,
,Ayurveda Piles Clinic.आयुर्वेदा पाइल्स क्लिनिक,674,,
,"Dr sangita memdoilia, sree padmanabham panchakarma and womens ayurvedic clinic","103, main road",083195 08062,
,Indian Clinic | Sexologist | Ayurvedic Chikitsa | Unaani Medicine,"manish palace, 413 A, Indore - Icchapur Hwy",,
,Dr Abdul Rahman ayurvedic clinic,28,,
,Shraddha Ayurvedic HealthCare,"Shop No.G-3, Bajaj ji hills plot no 20",079999 26741,
,Multani Ayurvedic Hospital,33,093021 09888,
,Dr D S Agrawal (M.D. Ayurveda) Mrityunjaya Ayurveda Clinic,"Nitya - Kunja"" 78/2, Biyabani Dhar Road, Near Gangwal bus stand, Near Kaila Mata Mandir",099264 62862,
,Ayurveda Gokulam Clinic Panchakarma center,"Scheme no. 54, Vijay nagar, Adarsha Malwa Building flat no. 101 first floor",,
,SHAH HEALTH CLINIC,"prime medical, Mathura colony Road, near 478, opp. Mhow dudh dairy",,
,Dr. UMA AYURVEDA,80,,
,"Madhavbaug Clinic - Rajendranagar, Indore","103, C, near ram mandir, opp. Bafana tent house",091097 45136,
,TRISHA SHOPPE,MR 9 Rd,091796 21052,
,Ayurvedic Hospital,369,,
,Swarnprashan centre indore ||स्वर्णप्राशन || सुवर्णप्राशन संस्कार|| Swarnprashan || Suvarnprashan || Dr Sushma,"5, 47, Sapna Sangeeta Rd, next to Bajaj Sojatya Show Room Dr Sushma's Ayurveda Hub",094250 68322,
,Ayushvedam health care and Panchakarma centre,"245, MR 9 Rd",,
,Ega Ayurveda,"Shop No.G-5, 60, 61, Anoop Nagar Road No. 2",083579 01066,
,Shri padmnabham women's Ayurved panchakarma clinic,"103, Mahu Naka Rd",,
,Ayurveda Treats Cancer,3/2Snehlataganj,,
,Pankaj Clinic,"Amardarshan Apartment, Anand Bazar Rd",098265 78330,
,"Ayurarogyasoukhyam - Dealer arya vaidya sala indore ayurvedic medicine shop, herbal and jadi buti","shop no 1&2, panchavati parisar,, near asthang ayurvedic college",091796 00301,
,Shree Ji Ayurved,"2nd Floor, 119-B, 13-14, Godhra Hwy",097527 45357,
,Dr Kamod Gambhir,"11/3, Dhar Rd, near keshav dharamshala dwar",098262 85478,
,Gangaram Mohanlal Ayurved,"Landmark:- GANGWAL, BUS STAND, 33-34, S Rajmohalla, near Vaishnav Girls School, opp. icici Bank",098930 22544,
,"Madhavbaug Clinic - Rambaug,Indore","plot no10,cmr point building,tilakpath ,near sai mandir narayanbaug, chouraha",091099 79735,
,Ayurvedic Dawakhana,"28, Kidwai Marg",090393 96570,
,Jain's Cow Urine Therapy Health Clinic,"165, RNT Marg, opp. Chetak Center",,
,Dr.Rahul Sonone,LG-19 Cross Road Building,079878 95219,
,Joshi Aushadhi Bhandar,"28, Kailash Marg, opposite Bank Of India",093403 50798,
,Beauty clinic,"5 Park Road, Nehru Park Rd",,
,Dr.Mishra's GynAyur & Fertility centre,"VE-38, Treasure Vihar",091318 58677,
,"Best Fissure, Fistula & Ksharasutra Centre","VE-41, Treasure Vihar",079878 01488,
,Madhavbaug Clinic- Vijay Nagar Indore,"Ch-111 Scheme no- 74 C, In front of Shankara eye hospital Vijay Nagar Indore, Pin- 452010",0731 497 7224,
,Patanjali Ayurved,"25, Anand Bazar Rd",,
,Dr Chitra's Ayurveda & Panchkarma,"29, Chota Bangarda Rd",089622 51000,
,Ayurvedic doctors clinic,"Aadish sales & marketing, 95, Jawahar Marg",,
,Bhagyogaya Ayurveda,"6B, Joshi Appartment , Vaibhav Nagar,Kanadiya road",,
,Ayurved Vigyan Sansthan,"212, Starlit Tower, 29, Y N Road, Opposite State Bank Of Indore, Y N Road",094250 57302,
,Khandelwal Ayurvedic,"Shop No.6, Geeta Bhawan Complex, Near Geeta Bhawan Mandir",0731 249 6804,
,consultant ayurveda,"78,hira nagar MR 9 near chandra gupt morya choraha sukhliya",074157 69028,
,Dr Deviprasad Tiwari Ayurvedic Clinic,"16-17, Geeta Nagar Extension, M T Cloth Market, M T Cloth Market",0731 238 6725,
,AYURVEDIC OCTOR IN INDORE,"201 A, Shital Nagar Gate Near Hotel Radisson, in front of bhumika school",,
,Aayush Ayurvedic Clinic,PVWF+J2V,083198 92915,
,,,,
Dhar,Govt. Ayurvedic Hospital,13-14,,
,Dr Dinesh Karma,Godha Parisar,093033 39299,
,IMC Ayurvedic Medicines,J822+GXF,,
,PATANJALI CHIKITSALAYA DHAR,"BHOJ MARG, 22/2, Dahreshwar Rd, near ANAJ MANDI",,
,Shakshi Ayurvedic Clinic,"H8V6+GW3, Main Road",,
,Dr D S Agrawal (M.D. Ayurveda) Mrityunjaya Ayurveda Clinic,"Nitya - Kunja"" 78/2, Biyabani Dhar Road, Near Gangwal bus stand, Near Kaila Mata Mandir",099264 62862,
,Madhavbaug Clinic Dhar,"103- Kashibagh Colony Opposite Chiku garden, behind old rukmani motors office",062647 15959,
,Dr Rajpurohit Clinic,,,
,vijay clinic,rajendra Marg,094250 71015,
,Dr Kamod Gambhir,"11/3, Dhar Rd, near keshav dharamshala dwar",098262 85478,
,Prabha Ayurveda & Panchkarma,"Khajrana main road, Anand Bazar Rd, above Himalaya Store Infront of Wine Shop",082259 82258,
,Prabha Ayurveda,"201 A, Sheetal Nagar, near Radisson Hotel",082259 82258,
,Dr Saloni Raghuwanshi Ayurvedic clinic,·,099771 55000,
,Dr. Jain's Panchkarma Ayurveda Centre,"B-90 Greater Brajeshwari, behind JMB sweets",098270 90294,
,Kayakalp - Best/Top Ayurvedic doctor / panchakarma shirodhara treatment massage center in indore near me,"18/2-c, Royal Avenue, 102, Lala Banarasilal Dawar Marg",098277 75075,
,Dr Shahs,"M6 Amardarshan, 28/2 Old palasia, Saket Square",092294 55119,
,Dr. Sawan Patidar's NIRAMAYA clinic,BL-298,096851 53707,
,Sanskar Ayurved Neurotherapy & Panchakarm Clinic,"UG-3, Lakshya Square, Khandwa Rd, opp. Queen's college",098260 53539,
,Siddhi ayurved panchkarma clinic,"23, Nyay Nagar Rd, near bridge",079876 99480,
,"Dr Anurag Jain MD Ayurved | Best Ayurvedic Doctor / Clinic, Ayurveda Panchakarma Clinic in Indore","M-8, Amar Darshan, Saket Anand Bazar Square",094253 11773,
,Yashfeen - The Ayurvedic Clinic,"G-5, Rafael Tower",098273 81345,
,Chanda Ayurvedic,·,086021 13452,
,Sparsh Ayurveda Panchkarma Wellness Clinic Indore,"Capital Tower, 8, Sapna Sangeeta Rd",074006 06060,
,"Dr. Haldar's Piles Care Centre, Indore","306, 3rd Floor, 8, Capital Tower, Lift, Sapna Sangeeta Rd, near Agrasen Square",096912 41120,
,Kalyanam Ayurvedic hospital,"34, CAT Rd",099933 39528,
,Guru Manish - Best Ayurvedic Treatment,"SHOP UG 7, ground floor, Girnar Tower, near 56 dukan, main road",074238 74238,
,Dr Sushma Khandelwal / Dr Sushma's Ayurveda hub / MD Ayurveda/Swarnprashan/Nadi Vaidya/counsellor/fertility clinic/migraine,"5, 47, Sapna Sangeeta Rd, next to bajaj sojatya show room microwave, opposite Gujarat Sweets",,
,Dr Sandeep Ayurvedic Clinic in indore | Best Ayurvedic Doctors in Indore | ayurvedic doctors in Indore,"Navneet Priya Apartment, A/724, Annapurna Rd, in front of Dussehra Maidan",094254 73908,
,Bhardwaj's Ayurvedic Clinic,"Shop No.7, Nemawar Rd",094250 52547,
,Akhand Ayurved Bhawan,"209 Divine Greens, near ISKCON",092291 15518,
,Brahm Vedicure Ayurveda Panchkarma clinic,"H- 1161/1162, Rajeev Awas Vihar, Sch. No. 114",,
,Dr Vikas Dabkara,·,098269 33444,
,"Care Ayurveda Clinic, Kshar Sutra Therapy",FH-449 Sceme No 54,098270 89853,
,Dr. O. P. Jariya.,M 46 Abhinandan nagar near MR 10,094248 11048,
,Dr.Piyush Bhargava Ayurvedic Cancer Specialist,1 B,098275 15560,
,Prashwantri Ayurveda Dr Prashant chawda,"Icchapurna complex, Atal Market Mandi Road",082693 37454,
,Niramaya Ayurvedic Clinic & Panchkarm center,"163, Kila Maidan Rd",091792 80121,
,Patil Ayurvedic Sadan,"No. 177/12, Vaishnav Stadium Jawahar Marg, Vaishnav Stadium Campus, Opp. Rajmohalla Petrol Pump, Raj Mohalla Chouraha,, Raj Mohalla",098260 74520,
,Ayurved And Panchkarma Clinic (Bhawarkuwa)Dr.Shivdayal Barde,"जानीदेवी आयुर्वेद, Bholaram Ustad Marg",095843 00960,
,Jiva Ayurveda Clinic and Panchakarma Centre - Indore (Ayurvedic Doctor in Indore | Ayurvedic Hospital in Indore),"Manor G-4, Plot, Sanghi, 6/2, Yeshwant Niwas Rd, near Rani Sati Gate",093118 15818,
,Dr Akhilesh Shrivastava-Ayurveda Speciality Clinic.,near union bank,099932 81713,
,Dr. Akhilesh Shinde's Ayurved Cancer Care Indore,"69, Prince Yashwant Rd, behind Gurudwara",088891 88821,
,Atharv Ayurved Enterprises,"PWF8+5R9, Kanadia Road Savindnagar, Vinoba Nagar",093024 72924,
,Shree Gurukripa Ayurvedic Chikitsalaya,"Shop No: 41, Rau Station Rd",097530 58633,
,Siddha Ayurvedic Aushadhalaya,"167, Dr. Ambedkar Nagar, Behind CHL Hospital, Opposite Shiksha Niketan, School",096919 12009,
,Shree Ji Ayurved,"2nd Floor, 119-B, 13-14, Godhra Hwy",097527 45357,
,"Dr. Puneet Sharma, Derma Care",J837+36G,,
,Dr Chitra's Ayurveda & Panchkarma,"29, Chota Bangarda Rd",089622 51000,
,Bhagyogaya Ayurveda,"6B, Joshi Appartment , Vaibhav Nagar,Kanadiya road",,
,,,,
Jhabua,Prashwantri Ayurveda Dr Prashant chawda,"Icchapurna complex, Atal Market Mandi Road",082693 37454,
,Govt. Ayurvedic Hospital,13-14,,
,Dr Dinesh Karma,Godha Parisar,093033 39299,
,Shakshi Ayurvedic Clinic,"H8V6+GW3, Main Road",,
,IMC Ayurvedic Medicines,J822+GXF,,
,Madhavbaug Clinic Dhar,"103- Kashibagh Colony Opposite Chiku garden, behind old rukmani motors office",062647 15959,
,Dr Rajpurohit Clinic,,,
,PATANJALI CHIKITSALAYA DHAR,"BHOJ MARG, 22/2, Dahreshwar Rd, near ANAJ MANDI",,
,Jai Guru Dev Homoeopathic Clinic,H8W2+G3X,,
,Pradhanmantri jan aushadhi kendra,"Shop no. 4 veer savarkar nagar thakur gas agency ke pass bhoj hospital chouhara, Mandav Rd",,
,Sparsh Ayurveda Panchkarma Wellness Clinic Indore,"Capital Tower, 8, Sapna Sangeeta Rd",074006 06060,
,Sairam ayurvedic panchkarma & infertility clinic(Dr Vikas mukati),behind gaytri temple,,
,vijay clinic,rajendra Marg,094250 71015,
,Guru Kripa Ayurvedic,W3X8+RRM,,
,"पतंजलि चिकित्सालय झाबुआ,पतंजलि मेन सेंटर झाबुआ",MP SH 39,,
,Ayurved Clinic,3W45+HPV,,
,"Psychology, Meditation & Ayurveda centre","6, Main Bus Stand Rd",,
,Ayurvedic Product,,,
,Arogyam Ayurveda Centre,2H4H+PC7,090982 33170,
,AYULEAF LIFE SCIENCES LLP,"1123, Sector C",092292 28855,
,Ramdev ayurvedic clinic & research center,"Singhana Rd, opp. Mangla Mandir complex",,
,"Nisarg Homeopathy, Ayurvedic Clinic","2WM2+W7X, LIC COMPLEX near Central Bank, Facing District Hospital Gate",,
,IGM Homoeopathic Medical College,131,,
,OJASW ayurved panchkarm clinic,29XH+C69,,
,अल्शिफा आयुर्वेदिक एकयुप्रेशर झाबुआ Alshifa acupressur jhabua,Sardar Bhagat Singh Marg,091318 67950,
,Joshi Clinic,·,080859 35045,
,Shri Dhanvantari Ayurved,"Ashagram Rd, near Ranjeet Club",098936 68885,
,Sobhagya Ayurveda Nadi shodhan panchkarma Ratlam mp,"Gali no 8 kasturba nager, Shakti Nagar Main Road, near mahaveer tent house",,
,Aastha Homeo Clinic,Jhabua Rd,098276 57009,
,Dr. Varun Saraf,"7 Tilak Marg, Amla line",099931 16463,
,Makwana Homeopathic Clinic,"5, Magajpura Rd",,
,,,,
Khandwa,"AYURVEDIC MEDICINE, ALLOPAITHY MEDICINE,ELECTROHOMEOPATHY MEDICINE Manufacturer",DR SONI AYURVED PHARMACY,098277 96688,
,SUSHRUSHA. (Dr.Chouhan's Ayrvedic Clinic),"R9F2+G7V, Shrikrishna Aushadhi Bhandar Budhwara Bajar",099933 10680,
,Patanjali Chikitsalaya,"M.I.G. - 93, Denndayal Puram",,
,Dr. Gite Clinic,R95C+QQ2,,
,Vaikalpic Natural medicine center.,R8HX+JWR,099814 36895,
,Ayush Panchkarma& ayurveda chikitsalay khandwa,"7, Aawasthi Chowk",098060 10115,
,Dr. Vijay Pawar Madhwamrit multi speciality Ayurved Hospital &panchkarm center,"R8GV+25Q, behind Utkrisht Vidyalaya",083697 22948,
,Sri sri gurudev shopi,"Mishra Hospital, near, teen pulaya",,
,Rao dawakhana Dr C M R A O,R8CP+2Q4,,
,Ortho Neuro Physiotherapy & Ayurvedic clinic,R9C5+478,,
,Sri Maruthi Medicals,"R8HX+3WF, Wamanrao Deo Marg",076928 94056,
,"Dr. Kailash Chouhan, Krishna Aushdi Bhandar",R9F2+H72,,
,Sanskar Ayurved Neurotherapy & Panchakarm Clinic,"UG-3, Lakshya Square, Khandwa Rd, opp. Queen's college",098260 53539,
,DR SONI AYURVED PHARMACY,"B No. 89, Garden Corner, Back Side Dr. Keshavrao Hedgewar Garden",098277 96688,
,Shree Baidyanath Aayurvedic Store,Vitthal Mandir Road Ghanta Ghar,,
,आयुर्वेदिक वैद्य दिलावर चाकरे,Khandwa - Mundi Rd,,
,Dr. Vishal Kapoor's Clinic,"Rathore Market, MG Rd",,
,Dr Sushma Khandelwal / Dr Sushma's Ayurveda hub / MD Ayurveda/Swarnprashan/Nadi Vaidya/counsellor/fertility clinic/migraine,"5, 47, Sapna Sangeeta Rd, next to bajaj sojatya show room microwave, opposite Gujarat Sweets",,
,Parashar Clinic Dr. Ak Parashar B.A.M.S( Int.),"02, Bhawani Mata Rd",090392 41342,
,Shri Mahashakti Ayurvedic Medical Store,"Shop No 09, Shri Krishna Market, Wamanrao Deo Marg, near Milan Tent House",096695 65566,
,Shri Mahashakti Ayurvedic Medical Store,"Shop No 09, Shri Krishna Market, Wamanrao Deo Marg, near Milan Tent House",096695 65566,
,Patanjali (Chikitsalay Avam Mega store ),"Khandwa Rd, opposite astha palace",094259 27932,
,Dr. R.S. Pawar,"31, Jawahar Marg",072802 24401,
,Ravi Ayurvedic Aushadhi Pratishthan,4 Ramganj,,
,Shree Dadaji Ayurvedic Store,"Shubham Hospital Ke Samne, Men Road",088894 41661,
,"Ayurveda with life, Ayurvedic and Panchkarma Consultant","Navkar nagar Face 1, behind jain mandir",,
,Ayurved And Panchkarma Clinic (Bhawarkuwa)Dr.Shivdayal Barde,"जानीदेवी आयुर्वेद, Bholaram Ustad Marg",095843 00960,
,"Dr Anurag Jain MD Ayurved | Best Ayurvedic Doctor / Clinic, Ayurveda Panchakarma Clinic in Indore","M-8, Amar Darshan, Saket Anand Bazar Square",094253 11773,
,Sparsh Ayurveda Panchkarma Wellness Clinic Indore,"Capital Tower, 8, Sapna Sangeeta Rd",074006 06060,
,Kayakalp - Best/Top Ayurvedic doctor / panchakarma shirodhara treatment massage center in indore near me,"18/2-c, Royal Avenue, 102, Lala Banarasilal Dawar Marg",098277 75075,
,Dr Shahs,"M6 Amardarshan, 28/2 Old palasia, Saket Square",092294 55119,
,Dr Akhilesh Shrivastava-Ayurveda Speciality Clinic.,near union bank,099932 81713,
,"Divya Utkarsh Ayurveda & Yoga Health Ayurvedic Treatment, Medicines, Clinic","G-1,Gokuldham, Khandwa Rd",098260 42177,
,Prabha Ayurveda & Panchkarma,"Khajrana main road, Anand Bazar Rd, above Himalaya Store Infront of Wine Shop",082259 82258,
,Suddhi Ayurveda Health Center Dr. Bhataniya,"723P+PVR, Khandwa Rd",,
,Dr Sandeep Ayurvedic Clinic in indore | Best Ayurvedic Doctors in Indore | ayurvedic doctors in Indore,"Navneet Priya Apartment, A/724, Annapurna Rd, in front of Dussehra Maidan",094254 73908,
,Yashfeen - The Ayurvedic Clinic,"G-5, Rafael Tower",098273 81345,
,Regal Aushadhi Bhandar,Regal Tower Padawa,,
,Dr Saloni Raghuwanshi Ayurvedic clinic,·,099771 55000,
,Dr.Asim's Clinic,"R8GX+RC8, Near KUMARS STUDIO PARDESHIPURA",073894 06000,
,Prabha Ayurveda,"201 A, Sheetal Nagar, near Radisson Hotel",082259 82258,
,Jiva Ayurveda Clinic and Panchakarma Centre - Indore (Ayurvedic Doctor in Indore | Ayurvedic Hospital in Indore),"Manor G-4, Plot, Sanghi, 6/2, Yeshwant Niwas Rd, near Rani Sati Gate",093118 15818,
,Dr Mohit Garg,A1,,
,"Dr. Haldar's Piles Care Centre, Indore","306, 3rd Floor, 8, Capital Tower, Lift, Sapna Sangeeta Rd, near Agrasen Square",096912 41120,
,Nadi Vaidya Pushpa Shrivastava,"10 Baikunth Dham Colony, Anand, Raoji Bazar Main Rd",,
,Dr. R.K.Wadhwani,"169, Hawa Bangala Rd",099267 70397,
,Niramaya Ayurvedic Clinic & Panchkarm center,"163, Kila Maidan Rd",091792 80121,
,Dr. A. K. Jain,"61, Bairathi Colony No 2, Near Tower Square, 61, Khandwa - Indore Rd",083197 96576,
,Nisarg Ayurvedic Clinic & Panchkarma Centre,"34, Tower Chouraha, behind Shitla Mata Mandir",,
,Bhardwaj's Ayurvedic Clinic,"Shop No.7, Nemawar Rd",094250 52547,
,Trisutra Ayurveda Clinic & Panchkarma Center,"G1, Regency Ambika building, 44 shree nagar extension Chandralok Square",095221 15678,
,"Dr. Bhushan Dubey (BAMS, M.Ph. CCPK, CPK, CKS), Bhaskar Multispeciality Ayurveda Hospital","Bhawani Road, Subhash chok",088781 20674,
,Al habeeb skin & health care & hijamah center,R8FQ+R85,090399 02567,
,Dr Anjali Saxena,"13, Main Street",07324 277 244,
,Patanjali Arogya Kendra,"Ground Floor, Awasthi Chowk, Bhandariya Rd",088189 07055,
,Dr Chitra's Ayurveda & Panchkarma,"29, Chota Bangarda Rd",089622 51000,
,,,,
Khargone,,,,
,Ayurved dhanvantari panchkarma chikitsa center,"Near Axis Bank n Jain Mandir sanawad road Khargone mp, Bus station area, Sanawad road president hotel",,
,Charak Ayurved Hospital Khargone,"RJF9+QM8, Nutan Nagar Rd, opp. to Data Hanuman Temple",099260 93666,
,ayurvedic hospital,RJH8+7PG,,
,ayurvedic hospital vibhor ayurveda khargone,"Vrindawan colony, Sanawad Rd",098263 38139,
,Shri Dhanvantari Ayurveda & Panchkarma Clinic,Gayatri Mandir Chouraha,,
,Ayurvedik Dham and panchakarma specialist centre,"134, Tilak Path",097139 26912,
,Ayurkalp Aayurvedic Multi Specility Panchkarma Clinic & Infertility Centre,RJP8+HG9,,
,"Gupt Rog Dawakhana Khargone, Top sexologist",Bus stand ke bahar. Hotel laziz ke upar,099260 23526,
,Vaidvik Medical,"RJHF+VJQ, Sanawad Rd",094240 58553,
,केयर वेल क्लिनिक,Bus Stand,,
,Pooja Ayurvedic Agency,"RJG7+4GR, Tilak Path",,
,Aayurvedic clinic,"RJF7+G28, Tilak Path",,
,Abhinandan Polly clinic,RJ79+RWX,,
,Care well clinics,"Bus stand, behind gour petroleum",,
,Haji Mukim Hakim Ji,RJF5+97M,,
,Patanjali Ayurveda,"2, Devla - Khargone Rd",,
,Dr. Tarun Patidar sampoorn ayurved panchkarm center,"MP SH 38, Dhamnod Rd, opp. Bal Vidhya Mandir School",075662 64832,
,Homoeopathy clinic,"Juice Point, 240 A, Gajanan Soni Marg",,
,Shri aaditya homoeo clinic,"Shivashish,sugandhi complex Kunda nagar square, Bistan Rd",097136 33883,
,Herbs and hakim health clinic,"RJF5+C7G, Kala Deval Rd",,
,Dr Ashish Soni,"67, Sanawad Rd, near RTO",098936 43399,
,Mi Lifestyle Marketing Global PVT LTD,"150 A, Barsana Township, Sanawad Rd",,
,Dr. Vishal Kapoor's Clinic,"Rathore Market, MG Rd",,
,Vedansh Ayurveda super speciality clinic and panchkarm centre,,,
,Dr. R.S. Pawar,"31, Jawahar Marg",072802 24401,
,Fateh dawakhana khargone,मोहन टाकीज के सामने फतेह दवाखाना,078692 51786,
,,,,
Balaghat,,,,
,suneri ayurved evam panchkarma Clinic,"Mardikar Gali, near Mr Rahim khans house",,
,Sanjeevani Ayurveda Center,R58J+83Q,098935 05365,
,Dhanvantri ayurvedic dawakhana,"Vaidh lawn, kesar plaza complex, hanuman chowk, Dhanraj Complex",062612 22348,
,Patanjali Chikitsalaya,"Opp. MRF Showroom, By Pass Chowraha",093006 26243,
,OM Ayurved Pharmacy & Aushdhalaya,Ramtekkar Gali,,
,Dr Pankaj Meshram Ayurveda Panchkarma Centre Balaghat,Shreevastav gali,,
,Dr.Rakesh Thakre Ayurveda Health Care Clinic,"Nirmal Nagar ward No. 32 moti nagar mahule hard ware road, approx 100mtr chhind tree gali, to, last left turn",,
,"shivshakti homoeo. & ayurvedic clinic,","First Floor, main road, new sarafa chouk, Dhanraj Complex",,
,Ayush Wing Panchkarma Therapy Center Balaghat,R59J+8JH,,
,"Ayurvedic Medical,Balaghat",Forest Office,,
,Dr. Bharat chouhan | Sexologist | Dhanvantari ayurvedic dawakhana,"Dhanvantari ayurvedic dawakhana, kesar plaza complex, Vaidh lawn, Dhanraj Complex",,
,Nityam Ayurved Aushdhalaya,Waraseoni-Balaghat Rd,,
,Nuri Sifa khana,R59Q+VRQ,,
,Dr dinesh vaishnav,Gurudwara Road,,
,Patanjali chikitsalaya &stores (mahadeva Enterprises),"Rishi Complex, Gondia - Balaghat Rd",,
,gurukripa clinic dr.misare,R6F3+5FM,,
,Dr.A.R.singade (Aurvedic),"madrsa chok, Balaghat waraseoni highway near sardar patel college",078987 87089,
,SHREE AYURVED AUOSHDHALAYA,"R58R+P44, Main Rd",,
,Dr kanhaiya Pardhi sarpanch,PXMW+446,,
,Adinath ayurved,"R58R+8WP, Main Rd",,
,AYUSH Health & Wellness Centre ( HWC) Linga,Q7J3+J4G,,
,"Dr. Narendra Harinkhede (MBBS, MD)",R59Q+33P,,
,Maa Vaishno devi Medical,"Ward No, 30, Gondia - Balaghat Rd",078696 77599,
,Ayush Clinic,Ward No 1,093008 13535,
,Dixit Homoeo Centre,11,07632 247 292,
,,,,
Chhindwara,Shri Shukla Ayurveda,Main Road,094246 79466,
,"Dr Nidhi Jain BAMS, MS(AY) - NIDHISHRI CLINIC","Model Road, near Tribal Museum",097945 43985,Ayurvedic doctor
,Sanjeevini Ayurveda Clinic | Ayurved clinics | Panchakarma Center,"Narsinghpur Rd, beside of gramin bank,infront of janpad school",078423 46236,
,Dr Neeraj Ayurveda Diabetes Clinic,"3X63+457, Shanichara Market Rd",,
,Dr Prakash Tata Ayurvedacharya,,,Ayurveda
,"Jeevan Jyoti Ayurvedic Chikitsalaya,Chhindwara","Narsinghpur, Naka, PG road, near Radhe Krishna Mandir",094796 66791,
,श्री गुरु कृपा आयुर्वेद,3X72+XCJ,,
,Dr sony ayurvedic,"3W2V+622, Unnamed Road",,
,Ashtang Ayurved Hospital,"Near Bodri river bridge, Nagpur Rd",076949 46234,doctor
,Pawar Ayurveda - Online Store,Gali No. 7,,
,CSV AYURR,·,096853 74927,
,Kalptaru Ayurveda,3W5M+2VQ,096445 22335,
,Nidhishri Clinic,3WFP+JPQ,,
,Charak Ayurveda Center,"Noniya karbel, Parasia Rd, near Cold Storage",075808 14061,
,Nidan ayurved center,"2WXQ+4QP, front of hanuman mandir",,
,Raghuwanshi Ayurveda,Lalbagh Rd,,
,Punyashri ayurved vatika,"426, Narsinghpur Rd",,
,Ayush Wing Panchkarma Therapy Center Chhindwara,"Nagpur Rd, opp. kotwali thana",094258 49506,Doctors
,Shraddha Ayurveda,"2WXM+469, Badban Road",07162 242 371,
,"पतंजलि चिकित्सालय एवं सुपर बाज़ार, शनिचरा",3X62+8R8,094258 34141,Delivery
,,,,
Jabalpur,"Jiva Ayurveda Clinic - Jabalpur, Madhya Pradesh","Basement Floor, Plot no 37, H.No 849 C, opposite Manas Bhawan",093118 15825,
,Jabalpur Ayurveda chikitsalaya,"no.2, Madan mahal, 1677, Station Rd, near telegraph gate",098268 39423,
,Sri Sanjeevni Ayurveda And Panchkarma Clinic - Best Ayurvedic doctor clinic in jabalpur,"43, opp. LIC",099937 72413,
,Nadi Vaidya Shukla,"Naadi Vaidya Shukla, C/o, 14/320, near Ghadi Chowk",,
,Shuddhi Hiims (Jabalpur) Ayurveda Clinic,"1222, near Chautha Pool, near Bhaisasur Mandir",087920 87920,
,Ayurvedic Clinic,6X46+7W6,,
,Aarogyam Nature Cure Centre,"gate no. 1, Angad Hanuman mandir 1st floor, near District hospital",092109 83325,
,"Kamla Devi Ayurved Chikitsa Kendra Evum Piles Diagnostic Center, JBP","Awadhpuri Colony, Gwarighat, main road",096444 05676,
,Kerala Ayurved Niketan,"Near Baadshah Halwai Mandir, Gwarighat Rd, near Badshah, opp. SFRI ( Forest Department",070893 03370,
,Charak Ayurveda Panchkarma Chikitsa Kendra,"3,4 Samdariya Complex No. 1, In front Of PNB Bank, Near Axis Bank(Parijat Building, Main Rd",099934 08558,
,Swami Ayurved Jabalpur,"Aadi Enclave, Swami Ayurved, T.F.3, opp. to Joy Tutorials School",093001 57500,
,Dr Smriti Chourasia Ayurveda Clinic,"5V6R+9WG, plot no.165-166, shahinaka road, Garha 1320k, gurhataal, street, near ganesh furniture",081095 55577,
,Dr.S.K. Khare Nishant Ayurveda Clinic,5W62+GFF,,
,Dr. Nishant Jain SPIRITUAL HEALER,"Sukh Sagar Valley, B-98, Casa Elita, Polipathar, Gwarighat Road, Jabalpur",097557 29593,
,AROGYA CLINIC AYURVED PANCHKARMA AND HOMEOPATHY,"T25 Ground Floor, Hathital Colony Rd",089625 48384,
,Dr. Ambalkar's Ayurvedic Research Centre Pvt. Ltd.,"1544, The Ayurved's World, Multimedi Pharma, Home Science College Rd, opposite Ashish nursing Home",094251 53484,
,Dr. D S Pandey Ayurveda Clinic,,079878 14037,
,PARIJATAK Ayurveda Clinic & Panchakarma Center,"1376 A, Home Science College Rd",096072 97777,
,Arogyam Ayurveda & Health Center,"5WP5+3WQ, Ahinsa Chowk",094794 61826,
,"Ayurved & Panchkarm, Dr. Biswas & Dr. Diwan's Sri Sri Ayurved Clinic","2279, NH 12A",094258 98645,
,Niramay Ayurved Wellness Center,"5WPF+9X5, Punjab Bank Colony, Cherital",094258 37735,
,sri sanjeevni ayurveda & panchakarma clininc,"5W35+98V, Nagpur Rd",76126555510,
,G.M. Ayurved Jabalpur,"5W6F+7Q7 Besides Ashish Hospital, Home Science College Rd",081093 88669,
,The Aarya Vaidhya Shala Kerala,"Swasthik Villas, A-02, Tilwara Rd, opposite Gyan Ganga Engineering College",078794 73773,
,"Dr Shobhit Jain, Arogyam Ayurved",6W3Q+RJ6,,
,Shri Ayurveda Sadan,"Gurudwara, Seth Nihalchand Complex, G/12, Road",,
,TRIVENI AYURVED CHIKITSA KENDRA DR.ABHILASH SHUKLA,HAJ 28,094244 30645,
,Divya Family Clinic,Ganga nagar main road,088188 49122,
,Dr. Patel Clinic,"5WJ5+X55, Vijay Nagar",,
,Anti Piles The Indian Ayurveda Therapy,"89, Pharma Science, Anand Nagar, Near Anand Nagar Post Office",,
,Vaid Bodhraj Patel,5WCH+XXG,099817 89991,
,Veda Ayurveda,5WQ8+325,,
,Shanker Aushdhalaya,Shastri Bridge,094796 39754,
,Chandrabhan Ayurved Stores,"Russel Chowk, beside Vardhman Hotel, near Dominoz pizza",097709 77061,
,Lodhi Homeopathic Ayurvedic Clinic,"5WWQ+PR9, Ram Nagar",090254 64204,
,Dr.Biswas Diwan Clinic,"Shop No.2 Garha Bowli, Kosta Mohalla",094258 98645,
,"Madhavbaug Clinic - Napier town, Jabalpur","Radheshyam Bhavan, Home Science College Rd, in front of Chai square",082690 64700,
,,,,
Katni,LSDM Ayurvedic dispensary katni,"R9FM+VWF, near by KayPee Bajaj, Baragwan",,
,Narayanam Hospital - Ayurvedic & Homoeopathic Hospital In Katni,Gali Number 2,097134 96262,
,Dr Tare,RCQ5+F88,,
,Patanjali Chikitsalaya,"Rajasthan Bhawan, near garg chowraha",,
,दीवान दवाखाना (आयुर्वेदिक),"R9RW+CJW, Adarsh Colony Rd",,
,Asha Naturecure- Naturopathy & Energy Healing Center,PARTH HEALTH CLUB LANE 4 Row on right hand 2 duplex Samdariya city,,
,Anandi Lal Jagdish Prasad Namdeo Ayurvedic Shop,Khermai Chowk Jhanda Bazar,098934 25327,
,Vibhu Clinic,"R9QW+FPW, LIC Office Road, near Sonu Restaurent",,
,Herbal Clinic,Nadipar,,
,Hari om clinic,·,094247 08662,
,Devi medical & Ayurvedic agency,Garg chouraha,,
,Andhra board for ayurveda and homeopathy,"RCH8+V53, Sai Puram Colony Rd",0866 241 0067,
,DR YOGESH GAUTAM,R9QP+GVP chandak chock,090749 01083,
,Rishi Kalp Health Care International,"Chopra colony Katni, Road, near Brahma kumari Ashram",,
,My Gold Medicine Hall,,,
,Dr.Ashok Vishwakarma clinic,·,099810 02640,
,Gupta ayurvedic aushadhalaya,"Gupta ayurvedic aushdhalaya, Near laxmi dharmsala, Station Rd",083491 95475,
,Nirogdham Shree Sewa Sansthan Katni,"Mod, near Sai Mandir Panna",,
,"Shree Homeo Speciality Homoeopathic Clinic Dr.Ravishankar Sarawgi B.H.M.S, M.D","Old Ram Hospital, Front of Dr poonam bajaj hospital",086022 17575,
,astha homoeopathic clinic,VCR6+J52,094073 59778,
,Dr Smriti Chourasia Ayurveda Clinic,"5V6R+9WG, plot no.165-166, shahinaka road, Garha 1320k, gurhataal, street, near ganesh furniture",081095 55577,
,"Balaji Dawakhana Katni MP Sadik Market For Piles,fisher,pistula Jharra Tikuriya","R9GW+CCM, Unnamed Road",098264 50779,
,Vijay Memorial Hospital,In Front of New Bus Stand,076222 40293,
,Arogya jeevnam aayurvade chikitsa kendra,"Dr. K n tiwari house, ramjanki hanuman ward",,
,Vidyarthi Vaidya ayurveda and panchkarma clinic,Mithai Lane,082690 42642,
,Ram Herbal And Ayurvedic Health Care IMC Layout,durga chouk,,
,Biswas Janswasthya Dawakhana,1,093002 99355,
,Ayurveda Clinic (__आयुर्वेदिक क्लीनिक__),HR9R+4MC,,
,Aatreya Panchakarma - Ayurvedic And Homoeopathic Clinic,"Bus Stand, Nehru Nagar Main Gate, samdariya multiplex ke Samne, New",097139 95463,
,Dr Alok Singh (Arogyam Ayurveda),·,062600 24382,
,Govt Ayurved Aushdhalay Kharkhari,V848+C7X,,
,keraliya panchkarma and Ayurkeralam Ayurvedic clinic,"Keraliya panchkarma, railway station, mod, near Sunil dhaba",097558 73295,
,Dr.Tarun Singh ( Aarya Vaidhyam - Ever Healthy Health Centre ),"ard no.32 behind kopriha petrol pump ,near new bus stand",094253 44432,
,Aashtha Clinic,Mission Chowk Rd,,
,Sanyasi Ayurvedic Medicine,HRF4+C67,,
,CURE ZONE HOMOEOPATHIC CLINIC/DR.V.B.KHARE,"Sher chowk, near sai mandir",098273 19430,
,Veda Ayurveda,5WQ8+325,,
,Patanjali Arogya Kendra,Shop No 55,093029 22692,
,SAMRIDDHI AYURVEDA,,,
,,,,
Mandla,Dr. Rakesh ayurvedic,MP54+3RC,,
,Dr dhani Singh,QPH7+27C,,
,Anandi Lal Jagdish Prasad Namdeo Ayurvedic Shop,Khermai Chowk Jhanda Bazar,098934 25327,
,Gov. Ayush Dispensary Kunda,PWR9+6C4,,
,LSDM Ayurvedic dispensary katni,"R9FM+VWF, near by KayPee Bajaj, Baragwan",,
,Vibhu Clinic,"R9QW+FPW, LIC Office Road, near Sonu Restaurent",,
,Dr. D K KUSHWAHA | General Physician | SAMPOORN AROGYAM EH CLINIC MEDICAL AND PATHOLOGY,"SAMPOORN AROGYAM EH CLINIC MEDICAL AND PATHOLOGY, Dr D K KUSHWAHA, kuthiya mahagwan Bichua tola tehsil barhi",,
,Shubh clinic,PHXF+CGH,,
,Dr Tare,RCQ5+F88,,
,दीवान दवाखाना (आयुर्वेदिक),"R9RW+CJW, Adarsh Colony Rd",,
,Narayanam Hospital - Ayurvedic & Homoeopathic Hospital In Katni,Gali Number 2,097134 96262,
,Govt.Ayush Dis Vilaytkalan Ktni,PM83+42X,,
,Andhra board for ayurveda and homeopathy,"RCH8+V53, Sai Puram Colony Rd",0866 241 0067,
,Hari om clinic,·,094247 08662,
,DR. S. D. Nair Trishomal Ayurved Dawakhana,"Gour tiraha, Mandla - Jabalpur Rd",,
,Patanjali Chikitsalaya,"Rajasthan Bhawan, near garg chowraha",,
,Asha Naturecure- Naturopathy & Energy Healing Center,PARTH HEALTH CLUB LANE 4 Row on right hand 2 duplex Samdariya city,,
,Herbal Clinic,Nadipar,,
,My Gold Medicine Hall,,,
,Dr.Ashok Vishwakarma clinic,·,099810 02640,
,Maa sadhana clinic mandla,J92C+C6G,,
,Maa aashmani clinic,"Pan umariya road, Government ayurvedic hospital k aage, Government middle school khalari k aage Gram- khalri . Post - khalri, Tehsil- manjholi",,
,Dr. D S Pandey Ayurveda Clinic,,079878 14037,
,Patanjali Chikitsalaya,"Bus Stand Rd, near ashoka hotel",088789 70817,
,DR YOGESH GAUTAM,R9QP+GVP chandak chock,090749 01083,
,Dhanwantari Ayurvedic pharma,"जिला पंचायत गायत्री मन्दिर के सामने, डॉ. राधाकृष्णन् वार्ड न. 17, near Nehru smarak",062608 26682,
,DR. BHAGWAT,11,,
,kayakalpa ayurveda panchkarma clinic,"Infront of central bank of India, housing board flats",,
,Dr S Mishra,Mrignayni Road,099819 91530,
,Sri Sanjeevni Ayurveda And Panchkarma Clinic - Best Ayurvedic doctor clinic in jabalpur,"43, opp. LIC",099937 72413,
,Pvt bus stand,Bus stand,,
,Ayush Wing Panchkarma Therapy Center Mandla,"H9WC+GFW, District Hospital Sitapur St",,
,"Psychology, Meditation & Ayurveda centre","7, near bus stand",,
,Biswas Janswasthya Dawakhana,1,093002 99355,
,"Shree Homeo Speciality Homoeopathic Clinic Dr.Ravishankar Sarawgi B.H.M.S, M.D","Old Ram Hospital, Front of Dr poonam bajaj hospital",086022 17575,
,Jabalpur Ayurveda chikitsalaya,"no.2, Madan mahal, 1677, Station Rd, near telegraph gate",098268 39423,
,Dr N P Tiwari,R9JX+693,,
,Ayurveda Panchakarma Chikitsalaya & Research Center,"6XM8+C6R, Main Road Maharajpur",099931 63180,
,Dr. manoj jain clinic,"HM5H+444, NH 34",078981 48128,
,Dr Smriti Chourasia Ayurveda Clinic,"5V6R+9WG, plot no.165-166, shahinaka road, Garha 1320k, gurhataal, street, near ganesh furniture",081095 55577,
,"Jiva Ayurveda Clinic - Jabalpur, Madhya Pradesh","Basement Floor, Plot no 37, H.No 849 C, opposite Manas Bhawan",093118 15825,
,TRIVENI AYURVED CHIKITSA KENDRA DR.ABHILASH SHUKLA,HAJ 28,094244 30645,
,Lodhi Homeopathic Ayurvedic Clinic,"5WWQ+PR9, Ram Nagar",090254 64204,
,The Aarya Vaidhya Shala Kerala,"Swasthik Villas, A-02, Tilwara Rd, opposite Gyan Ganga Engineering College",078794 73773,
,Shuddhi Hiims (Jabalpur) Ayurveda Clinic,"1222, near Chautha Pool, near Bhaisasur Mandir",087920 87920,
,Lodhi Homeopathic,"6X5R+9PW, Bajrang Nagar, Ranjhi Road",094254 64804,
,Dr. Ambalkar's Ayurvedic Research Centre Pvt. Ltd.,"1544, The Ayurved's World, Multimedi Pharma, Home Science College Rd, opposite Ashish nursing Home",094251 53484,
,sri sanjeevni ayurveda & panchakarma clininc,"5W35+98V, Nagpur Rd",76126555510,
,Dr C.P. Tiwari,Sihora Rd,,
,Ayurvedic Clinic,6X46+7W6,,
,Veda Ayurveda,5WQ8+325,,
,Dawai Ghar,"H9XC+GR6, Shri Ayurved Aushadhi Bhandar, Padav Road, near Chilman Chowk, in-front of Dr. Sharma Sonography",,
,Dr Devendra thakur,"Delhi CT scan centre, rani durgawati ward, near Government Hospital",,
,Niramay Ayurved Wellness Center,"5WPF+9X5, Punjab Bank Colony, Cherital",094258 37735,
,Guru Kripa Ayurvedic,"5XM6+F7W, Jhamandash Chowk, Lalmati, near LGN School",093008 56851,
,Swami Ayurved Jabalpur,"Aadi Enclave, Swami Ayurved, T.F.3, opp. to Joy Tutorials School",093001 57500,
,Anti Piles The Indian Ayurveda Therapy,"89, Pharma Science, Anand Nagar, Near Anand Nagar Post Office",,
,Thakur ayush clinic(Homoeopathy and ayurveda),Main road,,
,ayurvedik Clinic,6XJ5+6PP,,
,Mewad dawakhana -Piles cure clinic,"Katangi Rd, near Sona marriage garden",,
,Dr.S.K. Khare Nishant Ayurveda Clinic,5W62+GFF,,
,Arogyam Ayurveda & Health Center,"5WP5+3WQ, Ahinsa Chowk",094794 61826,
,AROGYA CLINIC AYURVED PANCHKARMA AND HOMEOPATHY,"T25 Ground Floor, Hathital Colony Rd",089625 48384,
,Patanjali Health Center,"Main Market Sihora, Jabalpur, NH-7, Jabalpur",094253 56044,
,HONEY MEDICOS,R97G+XP9,,
,Ayurvedic Dawakhana,"6X93+89V, Indra Nagar, Suhagi",096856 19343,
,G.M. Ayurved Jabalpur,"5W6F+7Q7 Besides Ashish Hospital, Home Science College Rd",081093 88669,
,Shree Sharma Ayurvedic Drug Stores - Medical Store New Kanchanpur,"Shop No. 7, Railway Tin Pulia, New Kanchanpur, Adhartal",086027 65865,
,Dr. Vikas Rai,Karikon Tiraha,,
,Dr. Shukla Homeopathy Clinic,·,070004 27220,
,SAMRIDDHI AYURVEDA,,,
Narsinghpur,,,,
,,,,
,Gov. Ayush Dispensary Kunda,PWR9+6C4,,
,Dr Gop,"W5WH+FCG, Unnamed Road",,
,Asthang Chikitsalya,"Bhari Road, Anant Ram Chauraha",089828 23039,
,Dr pranav shendye,Sai Vila,,
,Dr. Tarun Ray Clinic,"Bahari Road, Kandeli",094243 27974,
,"EMERGENCY UNIT, OF TREATMENT, FOR PATIENTS.","144, Banskuari Road, Pathak Ward Purana Ram Nagar, H/No 02",,
,Patanjali Chikitsalaya,"Singhpur Road, near Cement Pipe Industries",099934 81901,
,Jan Swasth Clinic,Sankal Road,098263 31011,
,DR. BHAGWAT,11,,
,Dr.Rajkumar Nema,W5XW+35V,,
,Shree Vishwa Naramda Ayurvedic Chikitsalaya,"WQ8J+979, in front of khakariya temple",,
,Sanjeevani Ayurved,Sanjeevani Ayurved Narsigward,094072 81663,
,Aayurved Orthopaedic,"H563+GW4, Unnamed Road",,
,Dr. manoj jain clinic,"HM5H+444, NH 34",078981 48128,
,Dr. Sudhir Singhai,W5WX+H6R,077922 30715,
,Dr Smriti Chourasia Ayurveda Clinic,"5V6R+9WG, plot no.165-166, shahinaka road, Garha 1320k, gurhataal, street, near ganesh furniture",081095 55577,
,Dr. Ritu Homoeopathy,"W6W2+MVJ, Sankal Rd",089891 57372,
,Gumasta Homoeopathic Clinic,·,095753 69748,
,Satyam Medical And Panchgavya Sansthan - Best Medical Chemist Supply Stores | Top Clinic and Pathology in Narsinghpur,Bahari Road,091111 60111,
,Swami Ayurved India,"Barmaan, Kareli, 487330",093001 57500,
,Sri Sanjeevni Ayurveda And Panchkarma Clinic - Best Ayurvedic doctor clinic in jabalpur,"43, opp. LIC",099937 72413,
,DR. S. D. Nair Trishomal Ayurved Dawakhana,"Gour tiraha, Mandla - Jabalpur Rd",,
,Dr. Prakash Kumar Malviya,"Chhota Shiv Mandir , Housing Board Colony, LIG",,
,Dr.S.K. Khare Nishant Ayurveda Clinic,5W62+GFF,,
,Ayurveda Panchakarma Chikitsalaya & Research Center,"6XM8+C6R, Main Road Maharajpur",099931 63180,
,Sanjeevani Ayurved&Panchkarma,·,094072 81663,
,Jabalpur Ayurveda chikitsalaya,"no.2, Madan mahal, 1677, Station Rd, near telegraph gate",098268 39423,
,Arogyam Ayurveda & Health Center,"5WP5+3WQ, Ahinsa Chowk",094794 61826,
,Sai Shraddha Homeopathic Clinic,lig32,088890 17889,
,"Ayurved & Panchkarm, Dr. Biswas & Dr. Diwan's Sri Sri Ayurved Clinic","2279, NH 12A",094258 98645,
,"Jiva Ayurveda Clinic - Jabalpur, Madhya Pradesh","Basement Floor, Plot no 37, H.No 849 C, opposite Manas Bhawan",093118 15825,
,Shuddhi Hiims (Jabalpur) Ayurveda Clinic,"1222, near Chautha Pool, near Bhaisasur Mandir",087920 87920,
,Dr. Ambalkar's Ayurvedic Research Centre Pvt. Ltd.,"1544, The Ayurved's World, Multimedi Pharma, Home Science College Rd, opposite Ashish nursing Home",094251 53484,
,Ayurvedic Clinic,6X46+7W6,,
,Niramay Ayurved Wellness Center,"5WPF+9X5, Punjab Bank Colony, Cherital",094258 37735,
,Dr. D S Pandey Ayurveda Clinic,,079878 14037,
,Dr. Nishant Jain SPIRITUAL HEALER,"Sukh Sagar Valley, B-98, Casa Elita, Polipathar, Gwarighat Road, Jabalpur",097557 29593,
,nirog dham shree,"5WJH+VPC, GOPAL VIHAR NEAR MAHESH BHAVAN ,GOPAL SADAN",099778 40056,
,Shri Hardik Ayurveda,"8, Pragya Point, Beside Dr. Mehta Ranital Chowk, Saheed Smarak Road",098933 13414,
,TRIVENI AYURVED CHIKITSA KENDRA DR.ABHILASH SHUKLA,HAJ 28,094244 30645,
,"Dr Shobhit Jain, Arogyam Ayurved",6W3Q+RJ6,,
,Shri Shri Devine Ayurvedic,"5WP5+2V7, Ahinsa Chowk",098276 77290,
,Aarogya Ayurved Kendra,6W3Q+QJW,,
,Poornayu Ayurved Chikitsalaya evam Anusandhan Vidyapeeth,Teerth,099885 91407,
,AROGYA CLINIC AYURVED PANCHKARMA AND HOMEOPATHY,"T25 Ground Floor, Hathital Colony Rd",089625 48384,
,AROGYAM CHIKITSALAYA (AYURVEDIC),VQXQ+M6C,,
,Chhote Pasari,"5WRP+88R, Miloni Ganj Road, Gohalpur",076123 41849,
,Veda Ayurveda,5WQ8+325,,
,The Aarya Vaidhya Shala Kerala,"Swasthik Villas, A-02, Tilwara Rd, opposite Gyan Ganga Engineering College",078794 73773,
,Swami Ayurved Jabalpur,"Aadi Enclave, Swami Ayurved, T.F.3, opp. to Joy Tutorials School",093001 57500,
,Dr. Patel Clinic,"5WJ5+X55, Vijay Nagar",,
,Shree Sharma Ayurvedic Drug Stores - Medical Store New Kanchanpur,"Shop No. 7, Railway Tin Pulia, New Kanchanpur, Adhartal",086027 65865,
,A. K. Jain,"64, Opp. Old Megha Furniture, Tulsi Nagar, Cherital Ward",094244 20964,
,Patanjali Chikitsalay,"Ground Floor Main Road, Kandely, near Subhash Chauraha",090392 06212,
,,,,
Seoni,,,,
,,,,
,Ayurvedic Hospital,"480884, Sadak Seoni to Payli khurd Rd Via BARRA",,
,Dr Vikas Agrawal's Homeo Clinic,·,099816 80006,
,Shakti Clinic (kharsutra Ayurveda),9WC4+3JH,093004 88615,
,Dr pranav shendye,Sai Vila,,
,Sanjeevani Ayurved&Panchkarma,·,094072 81663,
,Dr Gop,"W5WH+FCG, Unnamed Road",,
,Thakur ayush clinic(Homoeopathy and ayurveda),Main road,,
,Dr. Pankaj Dehariya,"854C+F5R, Amarwara-Chaurai Rd",,
,Sanjeevani Ayurved,Sanjeevani Ayurved Narsigward,094072 81663,
,"Arogyashri Ayurveda Panchakarma Hospital & Research Institute, Seoni,",·,098274 41723,
,Dhanvantri Ayurvedic Kshara Sutra Chiktisa Kendra Seoni,,,
,LIFEWOOD AYURVEDIC HEALTHCAER,,,
,Dr. P S Thakur,·,094246 80675,
,Dubey Ayurveda @ dr Pradeep Dubey (Vaidraaj),"Unnamed Road, 480884",094247 16452,
,Saraswati Ayurveda,"Tuti puliya, road, near polytechnic ground",,
,Rajkumar Ayurvedic Medicine,Main Road,091315 90415,
,Dr A.K. Dixit Ayurvedic clinic,,,
,Govt. Ayurvedic Hospital,"MW4R+PFR, near SDOP Office",,
,RAMAIAH AYURVEDA WELLNESS CENTER,"MPT BAGHIRA JUNGLE RESORT, MOCHA",,
,Clinic,7MX2+PF3,,
,Mohan Aharwar ayurvedic medicine marketing manager,Dhaba road ward no. 9 mohan Aharwar ayurvedic clinic Amarwara Amarwara dhaba road ward no 09 Chhndwara,,
,Dr Deepak Pandey Clinic,"MX62+WCC, MP SH 40",094254 46253,
,Asthang Chikitsalya,"Bhari Road, Anant Ram Chauraha",089828 23039,
,Shree Vishwa Naramda Ayurvedic Chikitsalaya,"WQ8J+979, in front of khakariya temple",,
,Gourang Ayurvedic Herbal India,,,
,Maa sadhana clinic mandla,J92C+C6G,,
,Dr rk Malvi,"97Q7+65G, Unnamed Road",,
,Namoh Ayurvedic clinic,"Bus Stand, New",098916 66219,
,Bajrangbali Piles Clinic,"Bamhori, Busstand",,
,Gupta ayurvedic clinic,Mata Mandir Rd,,
,Dr. Tarun Ray Clinic,"Bahari Road, Kandeli",094243 27974,
,Dr. Nidhi Khemuka,"Matrashree Aparrment, Gayatri Mandir",,
,"Atharva Aosadhi bhandar, (Ayurvedic davakhana)",Barghat Rd,096693 61296,
,Patanjali Chikitsalaya,"Shop No. 14, Banganga Complex, Private Bus Stand",098264 08570,
,शासकीय आयुर्वेदिक औषधालय पेट देवरी,C67M+PFQ,097524 79606,
,SHREE BHAGCHAND THAKUR JI,,,
,Arogya City Hospital Ayurved,JJ33+CRG,076902 40913,
,"Psychology, Meditation & Ayurveda centre","7, near bus stand",,
,Patanjali Chikitsalaya,"Bus Stand Rd, near ashoka hotel",088789 70817,
,Dr. Shyam Inwati- General physician in Chhindwara,"Dhanwantari clinic, Chhindwara - Narsinghpur Rd, near govt hospital",,
,JAGDAMBA CLINIC,,,
,Patanjali Chikitsalaya,"Singhpur Road, near Cement Pipe Industries",099934 81901,
,Darjuv9 Nature family(Saurabh jain),Mahadev ward,,
,Dr.Rajkumar Nema,W5XW+35V,,
,Swami Ayurved India,"Barmaan, Kareli, 487330",093001 57500,
,Dr. Deepak Kulshrestha,"Behind Raj Vatika JP Road, Chanakyapuri Rd",098274 30701,
,DR. B S THAKUR,"G29R+FGH, Mandla Road, District Mandla, Tehsil Nainpur",07646 274 402,
,Suryawanshi Health Care,"8539+6G7, Unnamed Road",098934 07604,
,Pvt bus stand,Bus stand,,
,Harsh Ayurved Bhawan,285 Dr rajendra prasad ward kareli,,
,AROGYAM CHIKITSALAYA (AYURVEDIC),VQXQ+M6C,,
,Keerti Ayurvedic Hospital,75W8+94H,089896 36529,
,AYUSH Health & Wellness Centre ( HWC) Alna,8Q4X+JPR,,
,Pvt bus stand,Rani abawabntibi war,,
,Ayush Wing Panchkarma Therapy Center Mandla,"H9WC+GFW, District Hospital Sitapur St",,
,"EMERGENCY UNIT, OF TREATMENT, FOR PATIENTS.","144, Banskuari Road, Pathak Ward Purana Ram Nagar, H/No 02",,
,Anuj Awasthi Ayurved Seva Sansthan,,,
,Ayush Wing Panchkarma Therapy Center Seoni,"f 8, Barapatthar Rd",,
,Bandariya village,89W7+Q5,,
,Sanjeevani Ayurveda Clinic,,094243 00217,
,Arogya nikatan dham,Arogya nikatan dham,,
,Govt. Ayurved Dispensary Alna,8Q4X+MM8,,
,Dr Diwakar Tiwari,MP SH 11,,
,Dr. Prasoon Shrivastava,"f 8, Barapatthar Rd",099608 71207,
,Dr. Vikas Rai,Karikon Tiraha,,
,AAROGYA CLINIC,W79X+5PG,,
,Dr Lalima Daharwal,Unnamed Road,,
,Bhagirath Aushdhalaya,WQCP+QGM,,
,sai ram hospital,3GQV+QM3,076922 24414,
,BHARAT MEDICAL STORES SEONI,"DR.MAHENDRA OGAREY K SAAMNE,MISSION HOSPITAL,, Near DR.SENGER CLINIC,, Near bus stand",094246 81085,
,Dr. Sudhir Singhai,W5WX+H6R,077922 30715,
,"आयुर्वेदिक सेवा संस्थान, नागलवाड़ी","Beside Hanumanji Mandir, Ward 18, At Nagalwadi, Post",070001 90206,
,Jan Swasth Clinic,Sankal Road,098263 31011,
,HOME HERBAL CLINIC,"3GPX+36P, Unnamed Road",,
,Dr. Kharpuse Clinic,"8MWH+2RM, MP SH 19",,
,Dr. Shukla Homeopathy Clinic,·,070004 27220,
,Ayurveda hospital,5M9R+MPW,,
,Govt. Ayurved Dispensary Chandna,"67JQ+MW3, Unnamed Road",,
,Dr. Ritu Homoeopathy,"W6W2+MVJ, Sankal Rd",089891 57372,
,Gumasta Homoeopathic Clinic,·,095753 69748,
,Sanjeevini Ayurveda Clinic | Ayurved clinics | Panchakarma Center,"Narsinghpur Rd, beside of gramin bank,infront of janpad school",078423 46236,
,Vedraj आयुर्वेदिक,,,
,Samvedana Homeopathic Dawakhana,"Ashinik Colony, Seoni, NH-7, Seoni",094251 52085,
,Sri sri tattva seoni,Agrawal Dharmshala durga chauk,,
,,,,
Dindori,,,,
,,,,
,"Psychology, Meditation & Ayurveda centre","4, near bus stand",,
,Dr. K.P Kori.,W3VG+W26,,
,Shukla House,Padariya ray,,
,Dr R K Biswas,"P3WX+H48, Bichhiya-Dindori Rd",,
,Brahma Kumaris Shahpura (Dindori),"H NO: 46, SHIVDARSHAN BHAWAN NEAR VIJAY GUPTA WELDING WORK SHOP WARD NO: 3",089821 65225,
,Dr.Tarun Singh ( Aarya Vaidhyam - Ever Healthy Health Centre ),"ard no.32 behind kopriha petrol pump ,near new bus stand",094253 44432,
,Patanjali Arogya Kendra& Panch karma,,,
,Patanjali Chikitsalaya & Green Mega Mart,W3QH+8PF,,
,Asclepius Wellness Pvt Ltd.,Dist,,
,Sparsh Ayurvedic clinic,"Infront of canara bank, Infront of ICH",,
,Rai Medical Stors,"W3WG+9H2, MP SH 22",094258 44760,
,Dr. A K NAMDEO MRITYUNJAYA AYURVEDA,Unnamed Road,096916 31046,
,Ayurved Chikitsa Evam Aushadhi Kendra,Infront of Narmada Temple,,
,Vibhu Homeopathic & Ayurvedic Care विभू होम्योपैथिक एवं आयुर्वेदिक केयर,"Banganga Road, near New Bus Stand, beside Axis Bank ATM",097138 78872,
,PRAKRITI AYURVED HEALTHCARE CENTER,"MARWAHI ROAD, BANDHI LIC agent chauhan office, bandhi",079995 57802,
,S.P CLINIC एसपी क्लिनिक,Railway station,090457 86022,
,Dr Smriti Chourasia Ayurveda Clinic,"5V6R+9WG, plot no.165-166, shahinaka road, Garha 1320k, gurhataal, street, near ganesh furniture",081095 55577,
,AATREYA AYURVED AOUSHDHALYA &PUNCHKARMA KENDRA,"QXG5+P4W, HANUMAN GUNJ...CHHATISHGARH",077512 24063,
,Patanjali Chikitsalaya,"Doctors Colony,Near Jail Building",,
,,,,
Betul,Kamadgiri Ayurveda,"near Kaveri Estate, Malakhedi Rd",,
,Dr. Himanshu Rai- Ayurveda Panchkarma Specialist in Satna,Bank Colony Rd,098931 95870,
,Mahashakti ArogyaDham,Itarsi Rd,088396 89571,
,Ajmera Ayurveda Aashram,Q953+794,075762 20500,
,Aanjneyam ayurvedic chikitshlay & panchakarma center,"PPWW+J6J, Babai Rd",090391 50802,
,Shukla Ayush Kendra,PQX2+Q4C Gour colony,,
,Shri Hit leela ayurved oushdhalay hoshangabad,"Gour colony, Main Road, near SBI Bank",,
,Krishna Altos AYURVED CENTRE,"RQXW+H42, SAHU HOSPITAL MAIN ROAD SHAHGANJ",,
,Ayurveda Sanjeevni,"PPXR+G4H, Patwari Colony,, Babai Road, Hoshangabad, near Mahindra Tractor Showroom",099266 01329,
,Kanhawadi Baba Bhagat Ayurvedic Clinic,Babulal Bhagat Ayurveda Center Rd,,
,Narmada ayurvedic jiyyo e -mitra clinic betul,"Sub Station, new, indira ward, behind 132 kV",,
,Dhanvantari ayurved,"QP3H+X87, Unnamed Road",,
,SaiShyam Super Speciality Ayurvedic Panchkarm Hospital,,,
,Sanjivani ayurved chikitsa,QP3F+8G5,,
,Vaidya Shukla,"FCFQ+MGX, Patel Rd",,
,Ayurvedic Hospital,WV6W+V3V,,
,Shree Ayurvedam Clinic,VVRX+PFR,,
,Ayushi Clinic,"Old, Betul Road, near Tiwari Photo Studio",,
,Sri Atreya Ayurvedic Bhawan,Bade Mandir Ke Pass,,
,Sattva Multispeciality Ayush Clinic Betul,"Back of Jyoti Super chandrasekhar ward, Itarsi Rd",,
,Patel's Ayurved Aushadhalaya,Kasera bazar,,
,"Govt. Ayurved Dispensary, Bayan, Sehore",PHM2+PVC,,
,Dirghayu Ayurvedic Hospital,Link Rd,,
,SATTVA MULTISPECIALITY AYUSH CLINIC BETUL,"infront of Balaji Library, Itarsi Rd, below baraskar coaching classes",091750 22330,
,Patanjali Chikitsalaya,"Ward No. 25,, Nehru Ganj",099933 81903,
,Patanjali Chikitsalaya,in front of Railway Station,094246 40011,
,Prahlad Medical,near Railway station,,
,Mahamrityunjaya Ayurved & Panchkarma,"MIG 49, Housing Board Colony, Taigore ward",095848 29807,
,SHREE PREM AYURVED PANCHAKARAM HOSPITAL,"WW66+685, Kalapatha Rd",,
,Jain Ayurvedic Udyog,"FCFP+XXC, near jain temple.",075782 52138,
,Mahamrityunjay ayurvedic clinic infront of balaji vihar,"WV7W+2G2, Tikari Rd",,
,Sajal Homeopathic Ayurvedic Clinic Gadaghat Road Tikari Betul,"Sajal Homeopathic Ayurvedic Clinic, Gadaghat road",062694 30208,
,"आरोग्य,योग एवं प्राकृतिक चिकित्सा संस्कार केंद्र",near st joseph Hospital,,
,Altos Sai Ayurvedic And Beauty Centre,Baretha - Sarni Rd,,
,Sable Medical,WW72+9CG,,
,Aarogyam Clinic,WW82+XXR,,
,Jain Ayurvedic Udyog,Jai Prakash Marg,070243 59590,
,Rajurkar Ayurvedic Medical Store,WW72+592,,
,Om Ayurvedic Medical College and Hospital,"Bharat Bharti, Jamthi, NH69, Bhopal road,",07141 261 753,
,AyushCare Panchakarma & SPA clinic,42F5+M28,,
,shree Sai Dhanvantri Ayurvedic aushadhalaya,"WV2R+7QJ, Infront of gadekar hospital, Itarsi Rd",,
,Dr Chauhan's Clinic,"M7PF+RF2, Bhopal Rd",,
,Nisulk(free) Ayurvedic Clinic,6FPC+VPF,097550 07914,
,Mahashakti Ayurved Pvt. Ltd.,"PPWP+276, kishanpura industrial area",,
,Patanjali Arogya Kendra,"Ground Floor, Infront of Dr Gadekar Hospital, Itarsi Rd",079990 44238,
,Ayushmaan Clinic,Old Market Rd,,
,Ayushmaan Superspeciality Ayurveda Panchakarma Clinic And Research Center,Main Rd,089895 16259,
,Kanhawari Ayurvedick Center,"4X5G+FPV, Babulal Bhagat Ayurveda Center Rd",,
,Krishna Lal Yadu,,07147 290 099,
,Natural Herbal beauty clinic By:- (Dr.Jyoti Dubey),Front of girls college,,
,Amresh Puri,VMW2+CRF,,
,Majumdar Villa,62C2+PQP,,
,Gopi kirana stores,"near K.K Verma petrol pump,Badora",094250 03020,
,Shri Yogiraj Patanjali Arogya Kendra,·,077488 84849,
,Ramkisan kunjilal sahu,"Jagdishpur, Sethani Ghat Rd",098263 10682,
,Dr sujata homoeopathic clinic,Link Rd,097700 56627,
,Neha Medical Store,"Halwaai Chowk, Itwara Bazar Main Rd",099265 09120,
,kayakalp yog nisrgopchar anushandhan kendra,vikas nagar,,
,Shri S.R Medical Agency & Ayurveda Clinic,"VWJ7+R52, Infront of Hanuman mandir, Batama Betul-Bazar, Road",,
,Mahamrityunjay ayurvedic clinic MMARF,"Mahamratunjay ayurvedic clinic, infront of balaji vihar, gadaghat raod",,
,Bhavya Health Care,,,
,Sharma Ayurvedic Stores,"Chourasiya Complex, Sandiya Rd",,
,Dr badve,"VVXV+QVQ, Genda Chowk Sadar Betul",,
,Gayatri Ayurvedic,"Bus Stand, Shop No 29 Saray Complex",,
,Ayushmaan superspecility Panchakarma and Research centre,Main Rd,,
,Ayushman Traders IMC,College Rd,,
,Shri Ram Medical,MP SH 19,,
,Dr Vikas Agrawal's Homeo Clinic,·,099816 80006,
,Baba Shahab Ayurved,"4X5H+J65, Babulal Bhagat Ayurveda Center Rd",,
,"Dr. Lakhan Pawar, Homeopathic physician",College Rd,099931 57074,
,Dr Shraddha Dhote - Paralysis Treatment | Migraine Treatment | Vitiligo Treatment | Acidity Treatment | Leucorrhea Treatment,·,073879 91195,
,Ayurvedic Dawakhana,"Chicholi, Betul, NH-59A, Betul Road, Betul",099773 84512,
,Govt. Ayurveda Dispensary Dewas,X397+XJ8,,
,ALTOS SUPER ZONE,CHOUDHARY COMPLEX,,
,Anjaneya Ayurveda panchkarma Chikitsalaya,,,
,,,,
Harda,,,,
,Baidyanath Ayurvedic Medical,"Golapura, Harda, NH-12, Harda",,
,BK Brihat Ayurveda Harda,"Maharana Pratap Chowk, in front of VAIDIC PLAY SCHOOL",,
,SUKHAYU AYURVEDIC CLINIC AND PANCHKARMA CENTRE,PRAKASH TOWER,094245 00387,
,Keshava Ayurvedic Hospital,83QQ+5XX,099776 98910,
,Vatsalya Clinic-Dental Care & Ayurved Panchkarma Centre,"bus stand, 24, Subhash Ward, near Rahul Motors",,
,Pal Ayurvedic Herbal Center,,088198 74857,
,Yahya Unani & Aayurvedic Store,Ward No.23 Dabal Fatat Masjid Ke Paas Harda Dadal Fatak Masjid Ke Paas,,
,"NATHURAM NARAYAN DAS PALIWAL,TOPIWALA CHEMIST","432 ,GHANTAGHAR CHOWK ,MAIN ROAD",094250 44490,
,Gayatri Homoeo Clinic Dr Rajesh Patlya,83QQ+M55,098268 14959,
,,,,
Narmadapuram,Baidyanath Ayurvedic Medical,"Golapura, Harda, NH-12, Harda",,
,Keshava Ayurvedic Hospital,83QQ+5XX,099776 98910,
,SUKHAYU AYURVEDIC CLINIC AND PANCHKARMA CENTRE,PRAKASH TOWER,094245 00387,
,BK Brihat Ayurveda Harda,"Maharana Pratap Chowk, in front of VAIDIC PLAY SCHOOL",,
,Vatsalya Clinic-Dental Care & Ayurved Panchkarma Centre,"bus stand, 24, Subhash Ward, near Rahul Motors",,
,Shri Dhanvantari ayurvedic prakratik chikitsalaya center,Nehru stadium ke saamne gurjar boarding gali no. 3 chupane road,,
,Pal Ayurvedic Herbal Center,,088198 74857,
,Dr Santosh chaurey Sanjivani Ayurveda & Panchkarma Kendra,"Sanjivani Ayurved, near Narmada college",,
,"NATHURAM NARAYAN DAS PALIWAL,TOPIWALA CHEMIST","432 ,GHANTAGHAR CHOWK ,MAIN ROAD",094250 44490,
,Yahya Unani & Aayurvedic Store,Ward No.23 Dabal Fatat Masjid Ke Paas Harda Dadal Fatak Masjid Ke Paas,,
,Gayatri Homoeo Clinic Dr Rajesh Patlya,83QQ+M55,098268 14959,
,E-nirogi,"Nehru stadium lane no. 1, near by ssgb school",091316 10058,
,Shree Sarweshwar Ayurvedshala,5,,
,Gurjar medicos,,,
,Chaitanya Netralaya,"MIG 22, Nehru Stadium",,
,SaiShyam Super Speciality Ayurvedic Panchkarm Hospital,,,
,Ayurveda Sanjeevni,"PPXR+G4H, Patwari Colony,, Babai Road, Hoshangabad, near Mahindra Tractor Showroom",099266 01329,
,Palse Hospital Harda,83PV+8WW,,
,"आरोग्य,योग एवं प्राकृतिक चिकित्सा संस्कार केंद्र",near st joseph Hospital,,
,Dhanvantari ayurved,"QP3H+X87, Unnamed Road",,
,Mahashakti ArogyaDham,Itarsi Rd,088396 89571,
,Sanjivani ayurved chikitsa,QP3F+8G5,,
,Kamadgiri Ayurveda,"near Kaveri Estate, Malakhedi Rd",,
,shri vijay agencies,MPSH 15,,
,Aanjneyam ayurvedic chikitshlay & panchakarma center,"PPWW+J6J, Babai Rd",090391 50802,
,Patanjali Chikitsalaya,in front of Railway Station,094246 40011,
,Shri Hit leela ayurved oushdhalay hoshangabad,"Gour colony, Main Road, near SBI Bank",,
,Neha Medical Store,"Halwaai Chowk, Itwara Bazar Main Rd",099265 09120,
,Patel's Ayurved Aushadhalaya,Kasera bazar,,
,Shukla Ayush Kendra,PQX2+Q4C Gour colony,,
,Sindhi Colony,,,
,Dr. Narayan Gurjar,52HF+R5Q,,
,डॉ प्रमोद भट्ट नाड़ी एवं आयुर्वेद चिकित्सालय,"c 14, Narmadapuram Rd",,
,Dr. Nitesh Jha | Ayurveda | OMKAR AYURVEDIC MEDICINAL CLINIC,"WARD NUMBER 23, OMKAR AYURVEDIC MEDICINAL CLINIC SHOP NUMBER 5, RAILWAY, Station Rd, near ANAND WHARE HOUSE",,
,Dr. Rajendra Gehlot Ayush Sthan,"31, Shubhalay Parisar, NH 12, Hoshangabad Road,, Near Srikrishnapuram, in front of Samardha Petrol Pump,",089894 06450,
,"Vanaushadhi ayurveda- Dr Ajay sengar, Dr Namita sengar","5FM3+XJP, Narmadapuram Rd",,
,🅽🅰🅼🅾🅷 🅲🅻🅸🅽🅸🅲: Best Sexologist In Bhopal| Best ayurvedic doctor in Bhopal| Sex Specialist Doctor| best sexologist near me|,"3114, Surendra Landmark, NAMOH AYURVEDA, C Block, Narmadapuram Rd, near Ashima Mall",077709 92222,
,Dr V G Deshmukh memorial OJAS AYURVED,"05 Vasundhara, Surendra Place, Narmadapuram Rd",094253 82032,
,Shivram Ayurvedic Medical Store,FFCM+HPF,,
,Atharva ayurvedic clinic,"b-59, barfani dham,ahmedpur kala, Narmadapuram Rd",,
,,,,
Rewa,,,,
,,,,
,keraliya panchkarma and Ayurkeralam Ayurvedic clinic,"Keraliya panchkarma, railway station, mod, near Sunil dhaba",097558 73295,
,Aatreya Panchakarma - Ayurvedic And Homoeopathic Clinic,"Bus Stand, Nehru Nagar Main Gate, samdariya multiplex ke Samne, New",097139 95463,
,Dr Rajeev Agnihotri( M.D.-Ayurveda)Ayurvedic specialist,"Nritya, raghav school ke saamne",094259 83060,
,Sukhdayi Ayurved & Panchkarma wellness clinic,"D52 , Nirmal Empire 2 , opposite sadhu shri garden , Saman",,
,REWA AYURVED AND RESEARCH CENTRE BODABAG,Bodabag Rd,070490 59178,
,Kalpsudha clinic,,,
,HEALING HANDS CLINIC( Clinic For Complete Ayurveda Solutions),"Nipaniya Road, in front of Nritya Raghav Saraswati School",091744 88188,
,Dr. Deepak Kulshrestha,"Behind Raj Vatika JP Road, Chanakyapuri Rd",098274 30701,
,Bhagwati Ayurveda Clinic And Panchkarma Centre,"Kuthuliya Near Bhichhiya Pull, Road",087706 59742,
,ARCHANA DWIVEDI IN NAV KAYA SRIJAN CLINIC,"174 / 1, Narendra Nagar Rd",,
,Hari om clinic,Tds marriage garden,079870 86247,
,Sparsh ayurveda and panchkarma centre,"padmnabham chaya, ashirwad furniture, Satna Rd",074703 38738,
,Aatreya Panchakarma,"2nd floor, Hotel Raj Palace ,behind SBI main branch, old bus stand collectrat road",,
,Govt. Ayurvedic Hospital Rewa,·,095755 22246,
,Ayurvedic hospital,G7QW+F3R,,
,Sanjeevani Ayurveda and Panchkarma Centre,"Infront of New Science College, near Jila Van Mandal Karyalay",094246 09494,
,SHRI BHAGWAN AYURVEDAM REWA M.P.,"Middle of Collage Square, JU- MIG -8, Sirmour Rd, in front of Durdarshan Kendra",075034 74674,
,Dr Pankaj Mishra,·,097550 32452,
,ASHA AGENCY Ayurved,G8X4+63Q,,
,DR PHALAHARI EH/AYUR/HOMEO CLINIC CENTER,SHRI KD SINGH COMPLEX,,
,Patanjali Chikitsalaya,"Narendra Nagar, Amaiya Colony, 174 / 1, Narendra Nagar Rd",094251 86185,
,DR L M KUSHWAH,"Junior, mig 8",094253 63488,
,संजीवनी आयुर्वेद एवं पंचकर्म केन्द्र,G7XR+4XC,094246 09494,
,PANDEY CLINIC,,,
,Kamla Clinic (Vedas Care Clinic Rewa),"H84C+977, 10/2044Shivnagar",,
,Ayurveda ReTreat,G8M4+HPJ,,
,"Patanjali Arogya Kendra. Saman rewa, Arya Ayurved rewa",New Bus Stand.Saman Teraha,,
,Sparsh Ayurveda and panchakarma therapy center,"सुपर बाजार के बगल में, Panna-Satna Rd",,
,VEDAS Care Clinic Rewa,10/2044,,
,आयुर्वेदरसायनम्,"Ward no 2, near kirti kranti press",,
,Dr.Ambar Pare Naturopathy Centre Village Duliya District Harda Madhya Pradesh,Unnamed Road,084508 87878,
,Niramay,Mahalakshmi medical store,,
,"शासकीय आयुष औषधालय, रीवा","G7GQ+QFF, Fort Rd",,
,Dr A k Dwivedi-Shanti Homoeopathic Clinic & Skin Care Center,"First Floor, Saman Tiraha, above Mahindra Tractor Agency, near New Bus Stand",094244 43845,
,Dr.Deependra Soni,,090397 30473,
,"Government Autonomous Ayurved College, Nipaniya Rewa",Ayurvedic Hospital,076622 21040,
,Aashirwad homoeopathic clinic,"Shop no. 1 saman tiraha, near new bus stand",070899 33909,
,Nagaarjun ayurvedam,G8R2+P57,,
,Dr. Prabhakar Chaturvedi Clinic,"G7VG+M7G, Dhekha",,
,"Dr Batra’s Homeopathy, Hair & Skin Clinic","Ground Floor, John Tower (AIRTEL CELL TOWER), near College Chauraha",070450 00666,
,Keraliya ayurved & panchkarma treatment for spine & disc disease,"G7Q6+4X8, Near sunil dhaba railway mod, Satna Rewa Rd",,
,,,,
Satna,,,,
,Sparsh Ayurveda and panchakarma therapy center,"सुपर बाजार के बगल में, Panna-Satna Rd",,
,Aatreya Panchakarma - Ayurvedic And Homoeopathic Clinic,"Bus Stand, Nehru Nagar Main Gate, samdariya multiplex ke Samne, New",097139 95463,
,Sparsh ayurveda and panchkarma centre,"padmnabham chaya, ashirwad furniture, Satna Rd",074703 38738,
,Dr Rajeev Agnihotri( M.D.-Ayurveda)Ayurvedic specialist,"Nritya, raghav school ke saamne",094259 83060,
,Sukhdayi Ayurved & Panchkarma wellness clinic,"D52 , Nirmal Empire 2 , opposite sadhu shri garden , Saman",,
,keraliya panchkarma and Ayurkeralam Ayurvedic clinic,"Keraliya panchkarma, railway station, mod, near Sunil dhaba",097558 73295,
,संजीवनी आयुर्वेद एवं पंचकर्म केन्द्र,G7XR+4XC,094246 09494,
,REWA AYURVED AND RESEARCH CENTRE BODABAG,Bodabag Rd,070490 59178,
,Bhagwati Ayurveda Clinic And Panchkarma Centre,"Kuthuliya Near Bhichhiya Pull, Road",087706 59742,
,Aatreya Panchakarma,"2nd floor, Hotel Raj Palace ,behind SBI main branch, old bus stand collectrat road",,
,ARCHANA DWIVEDI IN NAV KAYA SRIJAN CLINIC,"174 / 1, Narendra Nagar Rd",,
,Dr. Deepak Kulshrestha,"Behind Raj Vatika JP Road, Chanakyapuri Rd",098274 30701,
,HEALING HANDS CLINIC( Clinic For Complete Ayurveda Solutions),"Nipaniya Road, in front of Nritya Raghav Saraswati School",091744 88188,
,PANDEY CLINIC,,,
,Hari om clinic,Tds marriage garden,079870 86247,
,Govt. Ayurvedic Hospital Rewa,·,095755 22246,
,Keraliya ayurved & panchkarma treatment for spine & disc disease,"G7Q6+4X8, Near sunil dhaba railway mod, Satna Rewa Rd",,
,Kalpsudha clinic,,,
,Dr Mukesh Kumar Pandey Ayurvedic Pharma Clinic,G7R7+6VF,,
,Sanjeevani Ayurveda and Panchkarma Centre,"Infront of New Science College, near Jila Van Mandal Karyalay",094246 09494,
,ASHA AGENCY Ayurved,G8X4+63Q,,
,Ayurvedic hospital,G7QW+F3R,,
,Dr Pankaj Mishra,·,097550 32452,
,Dr. Shriram dwivedi,G7Q9+3WR,,
,SHRI BHAGWAN AYURVEDAM REWA M.P.,"Middle of Collage Square, JU- MIG -8, Sirmour Rd, in front of Durdarshan Kendra",075034 74674,
,DR PHALAHARI EH/AYUR/HOMEO CLINIC CENTER,SHRI KD SINGH COMPLEX,,
,DR L M KUSHWAH,"Junior, mig 8",094253 63488,
,Dr Alok Singh (Arogyam Ayurveda),·,062600 24382,
,Ayurveda Clinic (__आयुर्वेदिक क्लीनिक__),HR9R+4MC,,
,Patanjali Chikitsalaya,"Narendra Nagar, Amaiya Colony, 174 / 1, Narendra Nagar Rd",094251 86185,
,Sanyasi Ayurvedic Medicine,HRF4+C67,,
,"Patanjali Arogya Kendra. Saman rewa, Arya Ayurved rewa",New Bus Stand.Saman Teraha,,
,A to z Ayurveda Clinic,in front of Kapoor banglow,070005 61189,
,Dr. S.L. Kushwaha Ayurveda,"HRJ8+FJ6, near badi hanuman mandir",,
,A to z ayurvedic hospital and panch karma center,Ward no 34 kahua k ped k pass mallahan tola,,
,Honey Clinic,"G8F3+QGP, MP SH ASF CHOWK",,
,KAAYA Ayurvedic & Panchkarm Centre,"Bus Stand, Bank Colony Road, Road",090397 92302,
,SHIVAM WELLNESS,"JAGARNATHPURI,RAMESHWARAM MANDIR ROAD",,
,VEDAS Care Clinic Rewa,10/2044,,
,dr irfan ahmed,"s 9, Rajendra Nagar Rd",098273 48786,
,Dr A k Dwivedi-Shanti Homoeopathic Clinic & Skin Care Center,"First Floor, Saman Tiraha, above Mahindra Tractor Agency, near New Bus Stand",094244 43845,
,Dr Praveen Nigam,"154, Gali Number 7",076722 24353,
,Dr.Deependra Soni,,090397 30473,
,Kamla Clinic (Vedas Care Clinic Rewa),"H84C+977, 10/2044Shivnagar",,
,IMC Ayurvedas,"shop 23, Ramna tola",095494 44469,
,Sri Sai clinic,"45678, Bodabag Rd",,
,Dr. B.L. Sharma,G8C9+8FW,,
,"शासकीय आयुष औषधालय, रीवा","G7GQ+QFF, Fort Rd",,
,Dr.Anand Dwivedi,"Cure Homeo Clinic, Venkat no.1 school, near Collectorate, beside Vaishai Press",,
,Maheshwari Arogyam Satna,Sarashwati School Rd,076722 24236,
,,,,
Sidhi,Sukhdayi Ayurved & Panchkarma wellness clinic,"D52 , Nirmal Empire 2 , opposite sadhu shri garden , Saman",,
,Dr Rajeev Agnihotri( M.D.-Ayurveda)Ayurvedic specialist,"Nritya, raghav school ke saamne",094259 83060,
,Aatreya Panchakarma - Ayurvedic And Homoeopathic Clinic,"Bus Stand, Nehru Nagar Main Gate, samdariya multiplex ke Samne, New",097139 95463,
,संजीवनी आयुर्वेद एवं पंचकर्म केन्द्र,G7XR+4XC,094246 09494,
,Dr. Shriram dwivedi,G7Q9+3WR,,
,keraliya panchkarma and Ayurkeralam Ayurvedic clinic,"Keraliya panchkarma, railway station, mod, near Sunil dhaba",097558 73295,
,Dr Mukesh Kumar Pandey Ayurvedic Pharma Clinic,G7R7+6VF,,
,Kalpsudha clinic,,,
,Bhagwati Ayurveda Clinic And Panchkarma Centre,"Kuthuliya Near Bhichhiya Pull, Road",087706 59742,
,Dr. Deepak Kulshrestha,"Behind Raj Vatika JP Road, Chanakyapuri Rd",098274 30701,
,PANDEY CLINIC,,,
,Sparsh Ayurveda and panchakarma therapy center,"सुपर बाजार के बगल में, Panna-Satna Rd",,
,REWA AYURVED AND RESEARCH CENTRE BODABAG,Bodabag Rd,070490 59178,
,HEALING HANDS CLINIC( Clinic For Complete Ayurveda Solutions),"Nipaniya Road, in front of Nritya Raghav Saraswati School",091744 88188,
,Aatreya Panchakarma,"2nd floor, Hotel Raj Palace ,behind SBI main branch, old bus stand collectrat road",,
,Hari om clinic,Tds marriage garden,079870 86247,
,Govt. Ayurvedic Hospital Rewa,·,095755 22246,
,ARCHANA DWIVEDI IN NAV KAYA SRIJAN CLINIC,"174 / 1, Narendra Nagar Rd",,
,Sparsh ayurveda and panchkarma centre,"padmnabham chaya, ashirwad furniture, Satna Rd",074703 38738,
,DR PHALAHARI EH/AYUR/HOMEO CLINIC CENTER,SHRI KD SINGH COMPLEX,,
,ASHA AGENCY Ayurved,G8X4+63Q,,
,Dr Pankaj Mishra,·,097550 32452,
,Sanjeevani Ayurveda and Panchkarma Centre,"Infront of New Science College, near Jila Van Mandal Karyalay",094246 09494,
,Ayurvedic hospital,G7QW+F3R,,
,SHRI BHAGWAN AYURVEDAM REWA M.P.,"Middle of Collage Square, JU- MIG -8, Sirmour Rd, in front of Durdarshan Kendra",075034 74674,
,Keraliya ayurved & panchkarma treatment for spine & disc disease,"G7Q6+4X8, Near sunil dhaba railway mod, Satna Rewa Rd",,
,Dr.Deependra Soni,,090397 30473,
,DR L M KUSHWAH,"Junior, mig 8",094253 63488,
,Honey Clinic,"G8F3+QGP, MP SH ASF CHOWK",,
,Niramay,Mahalakshmi medical store,,
,Dr. B.L. Sharma,G8C9+8FW,,
,Patanjali Chikitsalaya,"Narendra Nagar, Amaiya Colony, 174 / 1, Narendra Nagar Rd",094251 86185,
,Dr A k Dwivedi-Shanti Homoeopathic Clinic & Skin Care Center,"First Floor, Saman Tiraha, above Mahindra Tractor Agency, near New Bus Stand",094244 43845,
,"Patanjali Arogya Kendra. Saman rewa, Arya Ayurved rewa",New Bus Stand.Saman Teraha,,
,VEDAS Care Clinic Rewa,10/2044,,
,Ayurved hospital sidhi,Sidhi मध्य प्रदेश 486661 Republic of,,
,Pasari Pharmaceuticals,"plot no.80, chorahata",096917 45555,
,Kamla Clinic (Vedas Care Clinic Rewa),"H84C+977, 10/2044Shivnagar",,
,Sri Sai clinic,"45678, Bodabag Rd",,
,"शासकीय आयुष औषधालय, रीवा","G7GQ+QFF, Fort Rd",,
,"ANANDAM CLINIC ,DR USHA MISHRA",HIG B-114,,
,Dr. Agnihotri House,486003,,
,Dr. Prabhakar Chaturvedi Clinic,"G7VG+M7G, Dhekha",,
,Aashirwad homoeopathic clinic,"Shop no. 1 saman tiraha, near new bus stand",070899 33909,
,VaidyaNath Ayurvedic Store,Gandhi Chowk,097527 75641,
,Dr. Dhiraj Pandey,"13, 686, behind Neheru Nagar",,
,Dr. P N Garg,"1/37/664,Indira Nagar,Behind Reliance Petrol Pump, near Sengar Hospital",,
,Dr.S.K.Shukla,G7V8+JXC,,
,Arogya Clinic Bansar,G8P6+7JV,083498 43892,
,Rewa ksharsutra & Piles Care,"Nirmal Empire, D52, opposite sadhushri garden",,
,Dr K.D.Singh,"G8P3+3PV, New Dr. Colony Pk Rd",,
,"Dr Batra’s Homeopathy, Hair & Skin Clinic","Ground Floor, John Tower (AIRTEL CELL TOWER), near College Chauraha",070450 00666,
,Sanskriti Medical,"Indra market shop no. 15, Sanjay Gandhi Hospital Rd",097130 30444,
,Dr. K.K. Parauha,"27/248, MP SH 9 Ward 27, MP SH 9",,
,Patanjali Arogya Kendra,"patanjali Arogya Kendra, prakash chowk, sabji mandi Road, MP SH 9",077459 00590,
,Jai Shri Ram Medical Store,"G7X3+8J2, Naubasta Rd",,
,Dr. Jeetendra Singh,"Shanti Clinic, Near Union Bank Bansagar Colony, PTS Rd",,
,Aasha medical stores,9VQH+GC8,,
,ALTOS SUPERZONE REWA,"BUS STAND, PTS Rd Over brigade beam number 47, NEW",,
,वेंध राना,CV4C+3VV,,
,Shri Bhagwan Medical agency,,,
,Dr. Vidushi Pandey- Ayurvedic specialist in Shahdol,near bhartiyam school,,
,,,,
Singrauli,JS HELLO POINT,Beside nagar nigam office shop no. 2 Shiv mandir road,,
,SINGRAULI TOWER,,,
,"Gautam clinic(Near Sameer Medical store, Singrauli)","5MW7+QP4, LIG Colony Road",,
,Patanjali Aarogya Kendra - Vindhyanagar,"18, Kadambari Complex",,
,DR NITIN CHAUBE - AYURVEDA BEYOND MEDICINE,"PHARMAJI MEDICAL STORE, opposite SINGRAULI PALACE HOTEL",,
,Dr Rehman Clinic,5MX8+4QX,,
,Sanchari ayurveda wellness,3JMX+VVW,,
,,,,
Chhatarpur,Vaidya,Ward no. 36 house no. 453,,
,Ayurvedic Hospital,"WH8R+R8H, Chowk Bazar Rd",,
,Patanjali Chikitsalaya,Besides Rajmahal,094258 34141,
,Dr. A.K. Agrawal Clinic,"Chetgiri Colony, Near Chetgiri Hanuman Mandir, WD No -1 H. No. - 341",094251 45746,
,District Ayurved Hospital,"WH4R+GQ6, Mahal to Police Line Rd",,
,AYURVEDA PRACTICE,"175, behind regncy hotel",,
,"Naturopathy center, chhatarpur mp","chobey hospital ke bagal me, Akashwani Tiraha",,
,Mannu LaL Ramkishore Tiwari,राम गली बजरिया,073898 28282,
,SHRI SANKAR AYURVED BHAVAN,"Gandhi Chowk, Bust Stand, Road",094247 85376,
,Dr. R S Tamrakar,WH6R+P3J,,
,Nagariya Ayurvedic Store,"VHXR+9PR, Old panna naka",,
,R.P Naturopathy,New panna Naka,,
,Neelanchal Prakratik chikitsa evam nasha mukti kendra,"WH6J+3GF, Chobey hospital ke bagal me, Chobey tiraha",,
,Dr Amit Chaturvedi,"WH5R+FV7, Mahal to Police Line Rd",098939 69091,
,Kushwaha e clinic,,,
,Dr HP Agrawal,WH5P+5HG,,
,Maa Gayatri Chikitsalay Nowgong Ayurvedic Clinic,·,098935 85948,
,Dr. B.M. Chaurasia,"VHWQ+4VG, Narsingharh Purwa Rd",,
,DR. ARMAN HOMOEO CLINIC,"WH3R+92G, Maharaja College Rd",090745 21807,
,Sanjivni Ayurveda Chikitsa Kendra,"Radha coloni Eurostsrinn, Khajuraho Airport Rd",,
,Ayuvardhanam Pharmaceuticals,·,090099 69930,
,YOGI DR RAGHAV,·,095842 84411,
,Paralysis Ayurvedic Clinic वैध जी पुरवा वाले 60 years of trust,"Siddha baba mandir, near by saraswati school",,
,Ishwer Ayurved,"VHXR+2Q4, Satai Rd",,
,Vidyarthi Vaidya ayurveda and panchkarma clinic,Mithai Lane,082690 42642,
,Vinay Ayurveda Soap,"1deri Road, Deri Rd",092297 27907,
,Dr. Suvaran Sagar Bajpai,"Dr Bajpai Marg, opposite MCB University",099935 49161,
,Eshwar ayurved bhawan,"ke pas, Panna naka ambedkar statue",,
,IMC आयुर्वेदिक औषधि,"रोड, सर्किट हाउस के पीछे साहू की चक्की के पास पठापुर, Gali Number 2",,
,Clinic,"WH5M+H2R, Infront of LIC office, Jawahar Rd, behind old vicky bar",,
,Dr Chaman Khan,"WH6Q+XP5, Dr Madan Marg",095754 56655,
,तिवारी जी वैध,3C6P+FVV,,
,Shri Ayurved Clinic,,,
,Arjariya Homeo Clinic,"Sankat mochan, tiraha",,
,Kerala Ayurvedic Massage Khajuraho,opp. car parking,,
,Shubham Hospital,"WHFH+6XQ, Shubham Hospital, Narayanpura Road",,
,,,,
Damoh,,,,
,Vidyarthi Vaidya ayurveda and panchkarma clinic,Mithai Lane,082690 42642,
,"Rao Piles Clinic | Piles , fissure & fistula Treatment | PILES CLINIC | Piles Doctor in Damoh","opp. Ashirwad Garden, near pyasi mandir",095464 81158,
,Nirmala Ayurveda,"MIG 87, Vivekanand Colony Road, near Sanjeevani medical store",,
,शासकीय आयुर्वेदिक अस्पताल कार्यालय,RCGM+2M8,,
,Shaskiya Jila Ayush Chikitsalaya,"31-32, Killai Rd",,
,Patanjali Chikitsalaya,"Shop No. 22, Guruji Market, Infront of Government Hospital",097554 73718,
,NANO HEALTH WELLNESS CENTRE,RCJQ+G29,078981 11470,
,Patanjali Arogya Kendra,·,099936 63372,
,Dr sourabh choudhary,"killai naka chauraha, near fatima Nursing home",088393 82082,
,,,,
Panna,,,,
,Vidyarthi Vaidya ayurveda and panchkarma clinic,Mithai Lane,,
,आयुरर्वेदिक चिकित्सालय पन्ना,"P57H+6M4, Hospital Rd",,
,Gururaj Ayurvedalaya,behind Bank of Baroda,,
,Dr.om.prakash singraul,"P58M+77V, Menka Talkies Rd",,
,,,,
Sagar,Ayurvedik And Panchkarma Chikitsalaya,"RPQV+38H, Parkota",095251 70711,
,Amrutam Ayurveda Panchkerma Clinic,,,
,Dr. Jinesh Jain md ayurvedic,Sagar Rd,075822 31855,
,Namokar deep ayurvedic Hospital Dr vishal jain M D (ayurved),"Old, galla mandi road, near varni vachnalaya",099933 70229,
,Shree Shankar Ayurvedic Stores,"RPQR+559, Teen Batti, Katra Bazar",094244 20975,
,Dr.B.P. Patel (Samarth Ayurveda & Panchkarm centre ),"Ankur Colony Makroniya, Rajakhedi Rd",093294 18930,
,Dr. Ku. Alka Jain,"RPQV+M7H, Parkota",093029 11769,
,"Shree Kalptaru Ayurvedic Chikitsalay, Sagar | Dr Neeraj jain MD Ayurved Dr Deepika jain",Patan Rd,,
,Divya Aushadhi Kendra,"VP3R+R28, Sadar Bazar",084629 68485,
,Satbhaiya Jadi Booti,"Khatra Bazar, near Pusthak Bhawan",094065 38512,
,Ayusutram ayurveda neuro and skin clinic,"VR72+7FX, Makroniya Sagar , In front of Hotel Paradise Duara, Chattarpur, Main Road",,
,Akshar Ayurveda // Sagar //,"Patel medical & distributer, in front of Government District Hospital",,
,Ayurvedic Chikitsa Kendra,"VQ3P+5G4, Jhansi Road, Rajakhedi , Makroniya",075822 30174,
,Shree IMC Ayurveda,RPQQ+G4F,,
,Government District Ayurvedic Hospital,RQC7+G7X,,
,Goverment Ayurvedic Hospital,RQWR+MWF,,
,Namskar deep ayurved hospital sagar (M.P),1/107 old galla mandi road katra ward,,
,Patanjali Chikitsalay,"Parkota Tower, MPSH 15A",093292 38999,
,Patanjali Chikitsalaya,"Jhanda Chowk, Gopalganj, near Jain Mandir",093005 41615,
,Shree Gaurangdo Patanjali,·,081039 27842,
,Dr Vishal jain M D (Ayurved),"Parkota Tower, way road, near Mahaveer jinalay one",,
,Dhanwantri ayurvedic clinic makronia sagar mp,"VR62+Q2H, Side of adarsh medical, near bank of india",,
,Dr. SC Jain,"near ITI, behind Bhagyoday Hospital",,
,Navratan Ayurveda Ltd.,Manorama Colony Madhukar Shaah Ward No. 4 Near Tulsi Tea Shop,,
,Ayush Bhavan Sagar,"RQC7+W73, NH934",,
,Kalp Hospital,"RQH7+8QC, Near Tahseeli, Yadav Colony, Madhukarshah Ward",093029 10142,
,Dr.Shweta patel (Bams),F-4,,
,Dr vikas parashar,"Shree Laxmi Narayan Hospital, University Road",098935 54608,
,KUSHAL PILES CLINIC,Narsingpur Road,,
,SAMARTH AYURVEDA & PANCHAKARMA CENTER,VQ3Q+6F4,093294 18930,
,Dr. D P Choubey,"Madhukar Shah ward, MPSH 15A",,
,Shri Kalpatru Ayurvedic Clinic,VQ4W+32F,,
,Patanjali Arogya Kendra,"Sai Manglam Complex, Banda Road, Vidhyapuram, Makronia",097525 48789,
,Asclepias wellness,VP3V+F33,,
,Patak Patanjali Store,,096176 15338,
,"Patanjali chikitsalaya , parkota, sagar , Mp","52, Link Road, Jawahar Ganj, Goughat Parkota, Sagar, Madhya Pradesh 470001, Link Rd",093292 38999,
,Care Clinic (Homeo),"lalschool chowraha, Gopalganj Behind Jail, near ware house",,
,Prakritik Chikitsa Kendra,VP2F+H75,,
,"Madhavbaug Clinic - Sagar, Madhya Pradesh","159, First floor,Above Muthut Finance,Infront of HDFC Bank",,
,DR. Anil Singhai,"4, Varni ji complex",,
,Doctor Swadesh Soni Homoeopathic Doctor in Sagar,·,097132 16229,
,"Dr. Hari Om Mishra's Ayurvedic Clinic | Maharaj Medical & Surgical Store, Makronia, Sagar City",Banda Rd,097708 62760,
,Dr. Sanjay Sharma,Parkota Tower,098260 70628,
,Dr. Diwashish Biswas Internal medicine in Sagar,R. P. S. MEDICAL STORE,,
,Dr Rishi Jain,"Infront Of Sugandha Complex, Parkota Hills",099070 80992,
,VED Vigyan Ayueved & Panchakarma Clinic,jain mandir k pas,,
,Dr. Badri Prasad Gupta,VP3R+7MF,,
,Dr. Ayush chauhan Orthopaedic in Sagar,"Chatrapati Shivaji Hospital, Tili Rd, near bundelkhand medical college",,
,Shanti Ratnam,"Shanti Ratnam ayush institute of india medicinal sciences, lane no. 3",075823 57300,
,Jan Swasthya Clinic,"VQ3V+QJP, Makroniya",088275 70892,
,Maharaj surgical Makronia Sagar,"Canara Bank, Sagar Rd",,
,Dr. Pradeep Singh Chauhan,"Hostel, 426-A, Poddar Colony, I.F.O. Mahila Polytechnic, Tili Rd",,
,shri ram netra chikitsalaya dr wakhle,"400, Kotwali Rd",075822 34032,
,Dr. ILyas Hussain Khan - Best Sexologist| Sex Treatment| Doctor| Sex Specialist Clinic| Sexologist In Sagar,m-1 balak complex opp.district hospital hathi park,098262 64916,
,Dr. Aayush clinic,"Front of middle school Patharia hat khurai road, hat",,
,ITISH PHARMACY (MEDICAL),"ITISH PHARMACY, near SHARDA MATA MANDIR, MADHIYA",,
,Chauhan Clinic,,,
,Dr. S.N. Chatterjee,"RPPX+5WX, Sukh Sagar Hotel Ke Aage, Sanskrit Vidyalaya Gate, Tili Road",094256 63039,
,ASTHA HERBAL CARE - IMC,"Astha Herbal Care, in front of Hotel Panchwati",,
,Vidyarthi Vaidya ayurveda and panchkarma clinic,Mithai Lane,082690 42642,
,Medicine wholesalers,RPWR+X6J,,
,Shree Laxmi Narayan Hospital,University Road,098935 54608,
,,,,
Tikamgarh,Shri Kalpatru Ayurvedic Clinic,VQ4W+32F,,
,"Dr. Hari Om Mishra's Ayurvedic Clinic | Maharaj Medical & Surgical Store, Makronia, Sagar City",Banda Rd,097708 62760,
,"Shree Kalptaru Ayurvedic Chikitsalay, Sagar | Dr Neeraj jain MD Ayurved Dr Deepika jain",Patan Rd,,
,Ayurvedic Chikitsa Kendra,"VQ3P+5G4, Jhansi Road, Rajakhedi , Makroniya",075822 30174,
,Dr. Jinesh Jain md ayurvedic,Sagar Rd,075822 31855,
,Ayusutram ayurveda neuro and skin clinic,"VR72+7FX, Makroniya Sagar , In front of Hotel Paradise Duara, Chattarpur, Main Road",,
,Amrutam Ayurveda Panchkerma Clinic,,,
,Dr Yashika Parashar,"Babupura, pathariya jat",,
,Dr.B.P. Patel (Samarth Ayurveda & Panchkarm centre ),"Ankur Colony Makroniya, Rajakhedi Rd",093294 18930,
,SAMARTH AYURVEDA & PANCHAKARMA CENTER,VQ3Q+6F4,093294 18930,
,Dhanwantri ayurvedic clinic makronia sagar mp,"VR62+Q2H, Side of adarsh medical, near bank of india",,
,KUSHAL PILES CLINIC,Narsingpur Road,,
,Namokar deep ayurvedic Hospital Dr vishal jain M D (ayurved),"Old, galla mandi road, near varni vachnalaya",099933 70229,
,Dr.Shweta patel (Bams),F-4,,
,Shree IMC Ayurveda,RPQQ+G4F,,
,Ayurvedik And Panchkarma Chikitsalaya,"RPQV+38H, Parkota",095251 70711,
,Akshar Ayurveda // Sagar //,"Patel medical & distributer, in front of Government District Hospital",,
,Government District Ayurvedic Hospital,RQC7+G7X,,
,Goverment Ayurvedic Hospital,RQWR+MWF,,
,Dr vikas parashar,"Shree Laxmi Narayan Hospital, University Road",098935 54608,
,VED Vigyan Ayueved & Panchakarma Clinic,jain mandir k pas,,
,Kalp Hospital,"RQH7+8QC, Near Tahseeli, Yadav Colony, Madhukarshah Ward",093029 10142,
,Namskar deep ayurved hospital sagar (M.P),1/107 old galla mandi road katra ward,,
,Shree Shankar Ayurvedic Stores,"RPQR+559, Teen Batti, Katra Bazar",094244 20975,
,Asclepias wellness,VP3V+F33,,
,su-ra medical store,,,
,Dr. SC Jain,"near ITI, behind Bhagyoday Hospital",,
,Dr. Ku. Alka Jain,"RPQV+M7H, Parkota",093029 11769,
,Navratan Ayurveda Ltd.,Manorama Colony Madhukar Shaah Ward No. 4 Near Tulsi Tea Shop,,
,Satbhaiya Jadi Booti,"Khatra Bazar, near Pusthak Bhawan",094065 38512,
,Patanjali Chikitsalay,"Parkota Tower, MPSH 15A",093292 38999,
,Divya Aushadhi Kendra,"VP3R+R28, Sadar Bazar",084629 68485,
,Dr Vishal jain M D (Ayurved),"Parkota Tower, way road, near Mahaveer jinalay one",,
,Shree Gaurangdo Patanjali,·,081039 27842,
,Shanti Ratnam,"Shanti Ratnam ayush institute of india medicinal sciences, lane no. 3",075823 57300,
,"Patanjali chikitsalaya , parkota, sagar , Mp","52, Link Road, Jawahar Ganj, Goughat Parkota, Sagar, Madhya Pradesh 470001, Link Rd",093292 38999,
,Patanjali Arogya Kendra,"Sai Manglam Complex, Banda Road, Vidhyapuram, Makronia",097525 48789,
,Dr. D P Choubey,"Madhukar Shah ward, MPSH 15A",,
,Patanjali Chikitsalaya,"Jhanda Chowk, Gopalganj, near Jain Mandir",093005 41615,
,Prakritik Chikitsa Kendra,VP2F+H75,,
,Ayush Bhavan Sagar,"RQC7+W73, NH934",,
,ASTHA HERBAL CARE - IMC,"Astha Herbal Care, in front of Hotel Panchwati",,
,Shivam Kirana,RRX2+69V,,
,Dr. S.N. Chatterjee,"RPPX+5WX, Sukh Sagar Hotel Ke Aage, Sanskrit Vidyalaya Gate, Tili Road",094256 63039,
,Care Clinic (Homeo),"lalschool chowraha, Gopalganj Behind Jail, near ware house",,
,Patak Patanjali Store,,096176 15338,
,DR. Anil Singhai,"4, Varni ji complex",,
,"Madhavbaug Clinic - Sagar, Madhya Pradesh","159, First floor,Above Muthut Finance,Infront of HDFC Bank",,
,Dr Rishi Jain,"Infront Of Sugandha Complex, Parkota Hills",099070 80992,
,Dr. Pradeep Singh Chauhan,"Hostel, 426-A, Poddar Colony, I.F.O. Mahila Polytechnic, Tili Rd",,
,Jan Swasthya Clinic,"VQ3V+QJP, Makroniya",088275 70892,
,Maharaj surgical Makronia Sagar,"Canara Bank, Sagar Rd",,
,Dr.mukesh khatri (khatri market),"VQ2R+R3V, Makronia Rd",,
,Dr. Diwashish Biswas Internal medicine in Sagar,R. P. S. MEDICAL STORE,,
,Ayurveda wellness centre Tikamgarh M.P.,"NH-12A, Tikamgarh-Jhansi Rd",,
,"Maharaj Medical & Surgical, Skin clinic, General physician clinic & Ayurvedic Clinic Makronia","Infront of Manjeet Dhaba, Makronia, Jabalpur Rd",097708 62760,
,Doctor Swadesh Soni Homoeopathic Doctor in Sagar,·,097132 16229,
,Lifeleasing Healthcares,"Sanjeevani Medicals, Mangalam Complex",099771 42255,
,Dr.Vivek Kumar Jain,"VQ3Q+9H7, Unnamed Road",094069 20102,
,Dr. Badri Prasad Gupta,VP3R+7MF,,
,Instant Ayurved (Bandaiya Clinic),PRRH+RP4,,
,Sakera Physiotherapy and Ayurvedic Clinic,"kuwarpura, mandi Road, Near Grahasti bazaar",,
,Vimal Patanjali Store,near City Dental Clinic,094069 31042,
,"Pathmeda Store, Tikamgarh",QR2M+J8V,095846 92617,
,Dr. Sanjay Sharma,Parkota Tower,098260 70628,
,shri ram netra chikitsalaya dr wakhle,"400, Kotwali Rd",075822 34032,
,Yadav clinic,"QRVM+26R, Tikamgarh-Jhansi Rd",,
,Patanjali Chikitsalaya,"Distt. Hospital Chowk, Civil Lines Road",094250 93688,
,Shree Laxmi Narayan Hospital,University Road,098935 54608,
,ITISH PHARMACY (MEDICAL),"ITISH PHARMACY, near SHARDA MATA MANDIR, MADHIYA",,
,Shri Sahu Medical Store,"RQC3+V5M, m.p., Tili Rd",093014 43444,
,Aakriti Medico,"Aakriti Medico, opp. Jheel Boat Club, near Nao Mandir",075823 59055,
,Somnath Puram Colony,Baagh Raaj Ward,,
,Clinic,,,
,Pantajali Arogaya Kendra,"Aviral Enterprises, Vishwanath Chhauraha",098930 61350,
,Aarogya homeopathic medical store,"shop no 5, beside the sagar patho lab Dubey market, Tili Rd",077719 74986,
,New Prabha Medico,"Near Ram Mandir Darbar Gali No. 2, Dhin",082230 27457,
,Balaji Hospital,RQ52+RMJ,,
,Gulab Medical Hall The Advance Homeopathy & Classical Ayurveda,"Rajmahal Rd, near Bajarang Akhaada",,
,Bhagyoday Tirth Temple,"VP2C+VJ9, Hospital & Medical Research Centre, Khurai Road, Kareela Shastri Nagar, Achrya Vidhya Sagar Marg",,
,Niranjan Medical Store,·,094065 20821,
,Abhinav Medico,"DMC classes ke samne, Near panchwati restaurant, Gayatri Nagar Rd",,
,Dr Narendra Kumar Jain Homoeopath KileKaMaidan Tikamgarh M.P.,PRVJ+5Q8,094254 73873,
,Shivaji Hospital,"RQG2+JX6, beside gravity resturent",,
,Surya Medico,"Parkota Tower, Shop No 123/1",098934 50191,
,DR.VARUN KHARE,District hospital campus F4,,
,Sakera physiotherapy & ayurvedic clinic,"QRF9+FHV, Near Mpeb office kuwarpura, mandi Road",,
,dr sushil tiwari,"H2C9+2MC, Badagaon Veer Shivaji Rd",098936 71930,
,"Dr. Bhatia’s Skin, hair solution & laser Clinic Makroniya Sagar Dr. Priyank Jain","Dr.Bhatia's clinic, Jhansi Rd, Jhansi Rd, near kotak mahindra bank",078799 92009,
,Kadamb Vatika,RQG4+C25,,
,Medicine wholesalers,RPWR+X6J,,
,DR. CP SINGH CLINIC,QR5H+5GW,,
,Dr. Vivek Jain's Clinic,PVW7+X38,075822 85238,
,Ayush Clinic,Naya Khera Road Front Of F C I,081095 77392,
,Ayurvadic Hospital Khurai,Pandit ka kuwa,088898 95315,
,Sagar Heart Care Center,RQG2+7WQ,075822 36070,
,Bhagyoday Tirth Chikitsalay | Hospital,Khurai-Singpur Road,075823 55714,
,Ayush Wing Tikamgarh,QR5M+4GV,,
,shri wellness store,Infront The Badi Mata Mandir sagar Bypass Road PURANI TEHARI,092009 68889,
,Shri Sant Milan Ram Sahib Ji Guru Darbar,"RPVJ+PHG, Sant Kanwar Ram Ward, Sindhi Camp",,
,Nageshwar Pharmacy,609,080851 66856,
,Dhanwantari Distributors Pvt. Ltd.,"RPPQ+JJW, In front of kamal jewellers kotwali road chakraghat sagar Chakraghat",,
,GUPTA HERBALS,"Ground Floor Singhai Building, 10, Civil Line",,
,,,,
Niwari,Sakera physiotherapy & ayurvedic clinic,"QRF9+FHV, Near Mpeb office kuwarpura, mandi Road",,
,dr sushil tiwari,"H2C9+2MC, Badagaon Veer Shivaji Rd",098936 71930,
,Yadav clinic,"QRVM+26R, Tikamgarh-Jhansi Rd",,
,Sakera Physiotherapy and Ayurvedic Clinic,"kuwarpura, mandi Road, Near Grahasti bazaar",,
,Ayush Clinic,Ayush Clinic,098936 83425,
,,,,
Anuppur,,,,
,,,,
,Dr.Tarun Singh ( Aarya Vaidhyam - Ever Healthy Health Centre ),"ard no.32 behind kopriha petrol pump ,near new bus stand",094253 44432,
,Dr. A K NAMDEO MRITYUNJAYA AYURVEDA,Unnamed Road,096916 31046,
,Sparsh Ayurvedic clinic,"Infront of canara bank, Infront of ICH",,
,Dr. Anupam Pandey (Ayurvedic physician),"near sarkar petrol pump, behind hp Sudarshan gas agency",062616 02485,
,Vibhu Homeopathic & Ayurvedic Care विभू होम्योपैथिक एवं आयुर्वेदिक केयर,"Banganga Road, near New Bus Stand, beside Axis Bank ATM",097138 78872,
,Dr R K Biswas,"P3WX+H48, Bichhiya-Dindori Rd",,
,S.P CLINIC एसपी क्लिनिक,Railway station,090457 86022,
,KALPAMRIT NATURESCIENCE,"MG ROAD ,distric HOSPITAL compound, shop number-23 In front of bank of baroda(vijaya bank),sbi atm ke bagal se",,
,Ayush Wing Panchkarma Therapy Center shahdol,8953+95H,,
,Patanjali Arogya Kendra& Panch karma,,,
,Nidan clinic,GRMR+HFV,,
,Adarsh raj House,Q46F+27M,,
,Ramaiah Ayurveda Wellness Center,P299+JMQ,081231 56357,
,Distt Ayurved hospital Shahdol,896C+44X,094251 81446,
,ARYA VAIDHYAM EVER HEALTHY HEALTH CENTER,"Govt Medical College Road, near by pass square",,
,POOJA MEDICAL STORE,"Main Road, near purana Gandhi Chowk",093000 66855,
,Dr Gopal sharan dwivedi,"Q46C+GPX, Manpur - Beohari Rd",099938 70960,
,Mahalaxmi clinic ward no.18 bus stand,"ward no.18, patel dairy ke peeche, Nivedita pandey",,
,Complete Health Solutions,"N.H.78 - Bye Pass Road ,Behind Dadhival Petrol Pump,Balpurwa Colony, near New Bus Stand",094253 44432,
,Patanjali arogya kendra,New Bus Stand Rd,078799 99004,
,Vaidhraj Anil Dwivedi,58MJ+FJR,,
,"Psychology, Meditation & Ayurveda centre","4, near bus stand",,
,Dr. Aastha Pathak,"gharoula mohalla, ward, no. 18, Tara Rd",089890 13136,
,Dr. Jeetandra Sharma,"Shingpur tiraha station road, near geetanjali medical store",094249 96990,
,Shukla House,Padariya ray,,
,Shera Bhi Jaan Doctor Of Joint Pain,"GRCR+JRR, Khalesar Rd",094254 72933,
,Ayurvedic Ayusdhalaya,"5HP3+G58, Jwalamukhi Rd",,
,Dr. K.P Kori.,W3VG+W26,,
,SHRIRAM MEDICAL & GENERAL STORE,"SHER CHOWK, Station Rd",,
,Md Dr.jitendra sharma,79WG+392,097138 08081,
,"Dr Anurag Jain MD Ayurved | Best Ayurvedic Doctor / Clinic, Ayurveda Panchakarma Clinic in Indore","M-8, Amar Darshan, Saket Anand Bazar Square",094253 11773,
,Community Health Center (Chc) Singhpur,"Chc, Singhpur Rd, near Bus Stand",099934 03555,
,Asclepius Wellness Pvt Ltd.,Dist,,
,Dr. Lalman kewat,"3QQV+C38, Chandpur Road",,
,Dr Rana,Kotma Rd,098979 01272,
,Chirayu Medical Stores,"New bus stand road, beside of central gramin bank",097135 55144,
,Himalaya Ayurvedic,"03, Anuppur",070078 64320,
,Dr V N Tripathi,·,094253 93503,
,Pahadi Ayurvedic,"03, Anuppur",078793 02926,
,Ayush,"Ayush Department, Sbi Road",,
,Patanjali Chikitsalaya & Green Mega Mart,W3QH+8PF,,
,Mahendra Medical Stores,"Mahendra medical, sbi road, near sbi bank",076780 09890,
,Patanjali Chikitsalaya,"Doctors Colony,Near Jail Building",,
,Dr Sameem Khan,·,099817 77837,
,Dr. Reena Gautam EX SMO shahdol,·,07652 241 905,
,,,,
Shahdol,,,,
,Dr.Tarun Singh ( Aarya Vaidhyam - Ever Healthy Health Centre ),"ard no.32 behind kopriha petrol pump ,near new bus stand",094253 44432,
,Sparsh Ayurvedic clinic,"Infront of canara bank, Infront of ICH",,
,Vibhu Homeopathic & Ayurvedic Care विभू होम्योपैथिक एवं आयुर्वेदिक केयर,"Banganga Road, near New Bus Stand, beside Axis Bank ATM",097138 78872,
,Distt Ayurved hospital Shahdol,896C+44X,094251 81446,
,Dr. A K NAMDEO MRITYUNJAYA AYURVEDA,Unnamed Road,096916 31046,
,S.P CLINIC एसपी क्लिनिक,Railway station,090457 86022,
,Ayush Wing Panchkarma Therapy Center shahdol,8953+95H,,
,Dr. Anupam Pandey (Ayurvedic physician),"near sarkar petrol pump, behind hp Sudarshan gas agency",062616 02485,
,Dr. Vidushi Pandey- Ayurvedic specialist in Shahdol,near bhartiyam school,,
,Dr. Aastha Pathak,"gharoula mohalla, ward, no. 18, Tara Rd",089890 13136,
,Patanjali arogya kendra,New Bus Stand Rd,078799 99004,
,Dr. Jeetandra Sharma,"Shingpur tiraha station road, near geetanjali medical store",094249 96990,
,Patanjali Chikitsalaya,"Doctors Colony,Near Jail Building",,
,Dr Sameem Khan,·,099817 77837,
,,,,
Umaria,Dr.Tarun Singh ( Aarya Vaidhyam - Ever Healthy Health Centre ),"ard no.32 behind kopriha petrol pump ,near new bus stand",094253 44432,
,Sparsh Ayurvedic clinic,"Infront of canara bank, Infront of ICH",,
,Dr. Vidushi Pandey- Ayurvedic specialist in Shahdol,near bhartiyam school,,
,Nidan clinic,GRMR+HFV,,
,Ramaiah Ayurveda Wellness Center,P299+JMQ,081231 56357,
,Vibhu Homeopathic & Ayurvedic Care विभू होम्योपैथिक एवं आयुर्वेदिक केयर,"Banganga Road, near New Bus Stand, beside Axis Bank ATM",097138 78872,
,Shera Bhi Jaan Doctor Of Joint Pain,"GRCR+JRR, Khalesar Rd",094254 72933,
,Dr. Rakesh ayurvedic,MP54+3RC,,
,Maa aashmani clinic,"Pan umariya road, Government ayurvedic hospital k aage, Government middle school khalari k aage Gram- khalri . Post - khalri, Tehsil- manjholi",,
,Patanjali Arogya Kendra& Panch karma,,,
,Dr. A K NAMDEO MRITYUNJAYA AYURVEDA,Unnamed Road,096916 31046,
,S.P CLINIC एसपी क्लिनिक,Railway station,090457 86022,
,Dr. Anupam Pandey (Ayurvedic physician),"near sarkar petrol pump, behind hp Sudarshan gas agency",062616 02485,
,Adarsh raj House,Q46F+27M,,
,Distt Ayurved hospital Shahdol,896C+44X,094251 81446,
,Ayush Wing Panchkarma Therapy Center shahdol,8953+95H,,
,Govt Ayurved Aushdhalay Kharkhari,V848+C7X,,
,Dr Gopal sharan dwivedi,"Q46C+GPX, Manpur - Beohari Rd",099938 70960,
,Govt. Ayurved Dispensary Karitalai,"3P34+7J5, Unnamed Road",,
,Patanjali arogya kendra,New Bus Stand Rd,078799 99004,
,Dr. D K KUSHWAHA | General Physician | SAMPOORN AROGYAM EH CLINIC MEDICAL AND PATHOLOGY,"SAMPOORN AROGYAM EH CLINIC MEDICAL AND PATHOLOGY, Dr D K KUSHWAHA, kuthiya mahagwan Bichua tola tehsil barhi",,
,Dr Tare,RCQ5+F88,,
,Vibhu Clinic,"R9QW+FPW, LIC Office Road, near Sonu Restaurent",,
,ARYA VAIDHYAM EVER HEALTHY HEALTH CENTER,"Govt Medical College Road, near by pass square",,
,Dr. Jeetandra Sharma,"Shingpur tiraha station road, near geetanjali medical store",094249 96990,
,LSDM Ayurvedic dispensary katni,"R9FM+VWF, near by KayPee Bajaj, Baragwan",,
,दीवान दवाखाना (आयुर्वेदिक),"R9RW+CJW, Adarsh Colony Rd",,
,Dr dhani Singh,QPH7+27C,,
,Patanjali Chikitsalaya,"Rajasthan Bhawan, near garg chowraha",,
,Asha Naturecure- Naturopathy & Energy Healing Center,PARTH HEALTH CLUB LANE 4 Row on right hand 2 duplex Samdariya city,,
,Patanjali Chikitsalaya,"Doctors Colony,Near Jail Building",,
,Narayanam Hospital - Ayurvedic & Homoeopathic Hospital In Katni,Gali Number 2,097134 96262,
,KALPAMRIT NATURESCIENCE,"MG ROAD ,distric HOSPITAL compound, shop number-23 In front of bank of baroda(vijaya bank),sbi atm ke bagal se",,
,"शासकीय आयुर्वेद औषधालय, नन्हवारा कला",2H46+C82,,
,Dr S Mishra,Mrignayni Road,099819 91530,
,Herbal Clinic,Nadipar,,
,Govt.Ayush Dis Vilaytkalan Ktni,PM83+42X,,
,Dr. Aastha Pathak,"gharoula mohalla, ward, no. 18, Tara Rd",089890 13136,
,POOJA MEDICAL STORE,"Main Road, near purana Gandhi Chowk",093000 66855,
,Manisha clinic,Villege vishnupur teh maiher dist stna m.p Maiher,,
,Hari om clinic,·,094247 08662,
,Mahalaxmi clinic ward no.18 bus stand,"ward no.18, patel dairy ke peeche, Nivedita pandey",,
,Anandi Lal Jagdish Prasad Namdeo Ayurvedic Shop,Khermai Chowk Jhanda Bazar,098934 25327,
,Complete Health Solutions,"N.H.78 - Bye Pass Road ,Behind Dadhival Petrol Pump,Balpurwa Colony, near New Bus Stand",094253 44432,
,Shubh clinic,PHXF+CGH,,
,DR YOGESH GAUTAM,R9QP+GVP chandak chock,090749 01083,
,Md Dr.jitendra sharma,79WG+392,097138 08081,
,Shaskiya Ayurvedic Aushadhalaya,"Bilayat, Katni, NH-78, Umariya",,
,Dr Sameem Khan,·,099817 77837,
,SAMRIDDHI AYURVEDA,,,
,Dr. Reena Gautam EX SMO shahdol,·,07652 241 905,
,,,,
Agar Malwa,,,,
,Ayurved chikitsa kendra,"P276+G8M, Malikhedi Road",099931 20757,
,स्वास्थ्यमंदिर प्राकृतिक चिकित्सा एवं योग केंद्र आगर मालवा मध्यप्रदेश,Sarangpur Rd,089890 74647,
,Bajnath Chikitsa Kandra,"P273+VRJ, Mali Khed Road,, near New Bus Stand",099931 20757,
,Dr Namrata Patel,"Gali no 5, vinayak city, 411 Dr Namrata patel, Barod Rd",,
,ayurved pankarm therapy centar आयुर्वेद पंचकर्म थेरेपी सेंटर,"P276+48, Badod road, Ajay shree takeej ke pass",,
,Government Ayurveda Hospital,"Tanodia, Agar Malwa, SH-27, Ujjain Road, Agar malwa",097523 74010,
,Aaish Ayurvedic Clinic,"Old AB Rd, near HONEY BONEY COMPLEX",098260 79974,
,Gulab ji ramdayal aayurved store,Jawahar Marg,,
,Dr Dharmendra chouhan agar malwa,road,,
,आऐश आयुर्वेदिक औषधालय,83,,
,Shree Bhimashankar Ayurved & Panchkarm Clinic,"27/2 chobies khamba marg, Mahakal ghati",097132 33778,
,Shri Baba Medical Agency,Chhawani Naka Rd,073622 58544,
,Ashmita aayurveda,,,
,Narendra kumar sharma ayurvedic clinic,"VFW3+C66, Unnamed Road",,
,Bherwanand Aushadhalaya (Ayurvedic Clinic),·,094250 93853,
,Mahakal Ayurveda - Neuro Spine Panchkarma Center,"Mahakal Ayurved Bhawan, Maksi Rd, near Dr. Bhoraskar",094253 62622,
Dewas,,,,
,Life Care Clinic & Ayurveda Chikitsa Kendra,"X27M+F57, Mendki Rd",098934 54024,
,Manav Seva Ayurveda Clinic,"9, Vishwakarma Nagar, near Bima Hospital",099935 37806,
,Nirog Kaya ayurved panchkarma center,"House no 118 MIG Nehru Nagar Bharat mata square MR-8 Main road, opposite karmdeep school",098277 85872,
,Lukmaan ayurved clinic,"41/1parmannd nagar, Mukti Marg",,
,Dr. B.K Tiwari,"Shop No.146, Mendki Rd",072722 51722,
,Dr. Mukesh Patidar- Ayush In Dewas,"Om Homeopathic & Pharmacy Shop No.- 2, Geeta Bhavan",,
,Dr. Malik Clinic | Best Sexologist in Dewas | Top Ayurvedic Doctor,"Station Rd, near Railway Station",098266 25502,
,Sandeep Ayurvedic Dawakhana,"X6FM+W49, on indorebhopal highway , near police station nevarifanta",,
,THE JAFRI HERBALS DEWAS,"Saani building, 20, Idgah Rd",095891 01706,
,Rajmal Pannalal Jain,"204, MG Rd",072722 52678,
,"Amrit Ayurvedic Aushadhalaya, Dewas","15, Lala Lajpat Rai Marg, near shani mandir",074155 66083,
,Dr. Ameek Ahamad- Ayush In Dewas,"Maman Tola, Dr. Ameek Ahamad's Clinic",,
,Aarogya Clinic,"23 krishn karim nagar, New Dewas Rd",,
,Takjare Ayurved Asharam,"42, AB Rd",,
,Patanjali Chikitsalaya,"30, Station Road, Infront of Geeta Bhawan",094248 74397,
,Govt. Ayurveda Dispensary Dewas,X397+XJ8,,
,Online Ayurved Seva,"51, Moti Bunglow Main Rd",091315 96385,
,Aarogya Ayurvedic Bhavan,"Shop No. 6, Lala Lajapathi Roy Marg",098261 14480,
,DHANVANTRI ASHTANG OFFICIAL,"वन मंडल के पीछे, 43, तारिणी कॉलोनी, A.B, रोड",094253 68261,
,Vikas Clinic,"X2JP+CJQ, Ujjain Rd",099936 10066,
,Sanjeevni Ayurvedic Medical Stores,"X374+PH7, AB Rd",099266 07040,
,DHANVANTARI ASHTANG AYURVEDASHRAM,"17, NH 3",072722 50031,
,Seva Dham Clinic,"X24P+GMG, AB Rd, Kaila Devi Rd",072722 22424,
,Sanjeevani Ayurveda stors,"97, Kavi Kalidas Marg",,
,Dr D kourav,·,097139 58500,
,Nadeem Ayurved & Unani Products,"Shead no.3, Ujjain Rd",,
,Dr. Roopsingh Nagar- Ayush In Dewas,"Roopsingh Nagar Clinic 309, MG Road, Bada Hanuman Chowk, Borana",,
,Manav Seva Homoeopath Clinic Dewas,"51, Moti Bunglow Main Rd",,
,Prabhat Ayurvedic Sansthan,"Bus Stand, Arya Samaj Mandir, Purana, near Mankameshwar Building",099268 75022,
,SHRI RAM AYURVEDIC SHOP,11,093024 01816,
,MEDI-SQUARE DEWAS,26/1,074151 65552,
,Shubham Ayurvedic Kendra,"X372+7PJ, Shani Mandir Road, A.B. Road, Lal Lajpat Rai Marg",088895 28944,
,निरोग काया केंद्र (आयुर्वेदिक औषधी भंडार),"शॉप no. 24, शापिंग Complex",,
,Dewas city clinic,"2/A Uttam Nagar, Ujjain Rd",,
,Dr. Madhusudan Sharma,"2, Vivek Nagar, near Radha ganj",,
,Dr Kanungo Clinic,X26R+MVJ,,
,Shree Veda Herbals,"Shop No.04 Kela Devi Sk Tower, Kailadevi Rd, near by Kela",088172 18066,
,Shree Bhimashankar Ayurved & Panchkarm Clinic,"27/2 chobies khamba marg, Mahakal ghati",097132 33778,
,Prabha Ayurveda,"201 A, Sheetal Nagar, near Radisson Hotel",082259 82258,
,Dr. Chetan Gupta,"Thakur's Residence, 18",074407 39181,
,Shri Shri Ayurvedic/herbal products,159,,
,Aman Clinic,1 में‍ड़की रोड़ Sadashiv Nagar,,
,Rishi Ayurveda,"24/1, behind HDFC Bank",,
,Ayurveda Consultoin Centre,Moti Bunglow Main Rd,098934 19750,
,,,,
Mandsaur,Songara All Ayurvedic Private Limited Mandsaur,"Mahuwa house, Mahu, Mhow - Neemuch Rd, opposite DRP line",,
,"Aradhya Ayurved (Viddhakarma, Agnikarma, Panchkarma)","24, Nanesh Nagar Park, sudarshan tent wali gali, near Geeta Bhawan Road",087700 78805,
,Songara All Ayurveic Private Limited Mandsour,"Mhow - Neemuch Rd, opposite DRP line",,
,"Mandsaur Ayurvedic Hospital, Mandsaur","BRNCOP College Campus, Infront of Krishi Upaj Mandi, Mhow Neemuch Rd",087208 22111,doctors
,Dr. Girish Bhargav (Ayurveda),33M9+JP2,,
,Shree Vishwashree Ayurved Chikitsalaya,57,,
,SEN AYURVEDA,"20, Prem Colony",099264 23517,
,jeevan dispensary,Jeevan Dispensary behind rituvan hotel 40 prem coloney station road,093290 12143,
,Mandsaur Ayurveda Hospital (Mandsaur Institute of Ayurveda Education and Research),422V+QV8,097545 21765,doctors
,Maruti Clinik & Ayurvedic Research Centre,Maharani laxmi bai Choraya Sanjeet Naka/ Road,089894 95720,
,Ayush hospital,"Sitamu fathak, near agriculture college",,
,ATTAR AUSHADHI BHANDAR AYURVEDIC AND JADI BOOTI (ATTAR BOHRA JI ),Samrat Rd,081207 46528,Delivery
,चांदसी दवाखाना,"333C+WQ6, अग्रवाल धर्मशाला, Pashupathinath Mandir Rd",,
,Patanjali Chikitsalaya,Daya Mandir Rd,07422 224 283,
,Pashupatinath Medical,"33C9+878, Dutt Mandir, Road, Gol Chouraha Rd",084354 69472,
,Patanjali Chikitsalaya,Railway Station Road,075322 34416,
,"Shri Govindam Homeopathy Clinic & Homeo , Ayurvedic medicine","Kambal Kendra Rd, near kalpana trevels, in front of Jain Hospital",097540 81770,Delivery
,Ayurvedic Hospital and Research,"6235+HFG, Mahaveer Ganj, Mandsaur District, Piplia Mandi, Manasa-Mandsaur Rd",094253 60006,
,attar aushadhi bhandar(hakim abdul hussain attar bohra),"attar sahb ki dukan, ghanta ghar, Samrat Rd",081207 46528,Ayurvedic
,NATURE CURE CENTER MANDSAUR,334C+HC5,,
,Bakshi Aurvedik Hospital,3379+2PH,,
,आयुर्वेदिक न्यूरो एवं पंचकर्म थेरेपी सेंटर,"Village Chiplana, Post",,
,Aayurvedik Medicine,Pratapgarh Road Ashok nagar Colony,097709 21604,
,"Government Ayurvedic Hospital, 500 Quater, Mandsaur",32FP+9C7,,Dr
,,,,
Neemuch,Aadishakti Ayurvedic Clinic & Store,"In Front of Cantt Police station, Tagore Marg, near Sandeep Jewellers",,
,IMC Ayurveda,FVF3+7HR,,
,"क्षारसूत्र ट्रेनर ,पाइल्स रोग विशेषज्ञ डा महेश शर्मा SHARMA HOSPITAL NEEMUCH M.P. KSHARSUTRA Training center and piles fissure fistula treatment center",JAROLI TRADE CENTER OPP JAMA MASJID,094066 73546,
,IMC Ayurvedic Store,,,
,"Asclepius wellness, neemuch","3rd floor, infront. Of jama masjid, Jaroli trade centre",,
,Sethi ji ka dawa Khana 10 gattani market dana gali neemuch,"10 gattani market, Dana Oli",070004 72980,
,Ayurvedic Hospital and Research,"6235+HFG, Mahaveer Ganj, Mandsaur District, Piplia Mandi, Manasa-Mandsaur Rd",094253 60006,
,Pandit vedraj oil,"277, Gandhi Vatika Rd",,
,Shri Ramanujam panchkarma & panchgavya,"House No . 6, Mahenot Nagar Chaudhry Hospital Road",094066 59861,
,Maruti Online Service,CVV5+HG6,,
,Shree Vaishnav Aayurvaidic Evam Prakritik Anusandhan Kendra,"Bagicha No.15, Neemuch City Rd, behind Kalyaneshwar Mandir",,
,RK Malani Healthcare | Dr. Rajkumar Malani,9/3,098937 39704,
,Dr Gourav Rathore BHMS (Best Homeopathic Doctor in Neemuch),"Shri Gayatri Shakti Peeth, Road, near Shree Pathology Lab",079870 52216,
,dr.manish vyas ( Homoeo physician ),"FV49+576, Major District Raod 11A",,
,ANJANEYA AYURHERBS,"104 holichwok, Baghana",089898 06060,
,Indranagar,"FV8J+G47, Mhow - Neemuch Rd",,
,Songara All Ayurvedic Private Limited Mandsaur,"Mahuwa house, Mahu, Mhow - Neemuch Rd, opposite DRP line",,
,महावीर होस्पीटल,FVFF+G32,,
,INDIAN HERBS,"h-5,trimurti nagar",078985 02439,
,Ayush Life Elements,"8, Pustak Bazaar Rd",080 4763 1235,
,Mannalal Mittal & Sons,"40, Bohra Gali",,
,बंशीलाल जी आयुर्वेद,9VH2+49Q,,
,"Mandsaur Ayurvedic Hospital, Mandsaur","BRNCOP College Campus, Infront of Krishi Upaj Mandi, Mhow Neemuch Rd",087208 22111,
,Jaiswal Medical Store,FV5F+VQ9,,
,Herbokat Systems,"49, Veer Park Rd",094251 06788,
,PATIDAR CHEMIST JANAKPUR WALA,"Shop No, 12, Civil Hospital Rd, opp. Civil Hospital",094066 12540,
,Sanwaliya Herbal,"Balaji Road, Pushkar Bagh Juna Baghana",093294 90464,
,Bulchand Bherumal,"FV68+C93, CRPF Rd",,
,Vikramaditya Medical Store,Station Road,090740 14143,
,Dr. B.L. Rawat,H-3,,
,Dr Mitul Chamadia,"Shreeji Nursing Home 17 Vikas Nagar 14, 3, near Gomabai Hospital",,
,Wadhwa Hospital,·,07423 221 064,
,Patanjali Mega Store,"Banglow No 38, near New Nagar Palika",094133 15012,
,,,,
Ratlam,Songara All Ayurvedic Private Limited Mandsaur,"Mahuwa house, Mahu, Mhow - Neemuch Rd, opposite DRP line",,
,"Aradhya Ayurved (Viddhakarma, Agnikarma, Panchkarma)","24, Nanesh Nagar Park, sudarshan tent wali gali, near Geeta Bhawan Road",087700 78805,
,Ayurvedic Aushdhalay,"Sarkari Hospital Ke Samne, Nahargarh",098932 70954,
,Maruti Clinik & Ayurvedic Research Centre,Maharani laxmi bai Choraya Sanjeet Naka/ Road,089894 95720,
,Dr. Girish Bhargav (Ayurveda),33M9+JP2,,
,"Mandsaur Ayurvedic Hospital, Mandsaur","BRNCOP College Campus, Infront of Krishi Upaj Mandi, Mhow Neemuch Rd",087208 22111,doctors
,Shree Vishwashree Ayurved Chikitsalaya,57,,
,SEN AYURVEDA,"20, Prem Colony",099264 23517,
,jeevan dispensary,Jeevan Dispensary behind rituvan hotel 40 prem coloney station road,093290 12143,
,ATTAR AUSHADHI BHANDAR AYURVEDIC AND JADI BOOTI (ATTAR BOHRA JI ),Samrat Rd,081207 46528,Delivery
,Mandsaur Ayurveda Hospital (Mandsaur Institute of Ayurveda Education and Research),422V+QV8,097545 21765,doctors
,आयुर्वेदिक न्यूरो एवं पंचकर्म थेरेपी सेंटर,"Village Chiplana, Post",,
,Ayush hospital,"Sitamu fathak, near agriculture college",,
,Sobhagya Ayurveda Nadi shodhan panchkarma Ratlam mp,"Gali no 8 kasturba nager, Shakti Nagar Main Road, near mahaveer tent house",,
,Shree Shyam Ayurveda Ratlam Madhya Pradesh,253..Gali no.06,095897 50170,
,Ayurvedic DR JOSHI,82GR+52X,,
,Dhanwantari Ayurvedic Chikitsalaya Ratlam,"145, New Rd, near Gujrati School",070002 24673,
,चांदसी दवाखाना,"333C+WQ6, अग्रवाल धर्मशाला, Pashupathinath Mandir Rd",,
,Patanjali Chikitsalaya,Daya Mandir Rd,07422 224 283,
,Anand Ayurvedic Clinic,Laxman Pura Main Road,,
,Dr Fariduddin Sheikh Ratlam,Momin Pura Main Road,,ayurved
,Patanjali Chikitsalaya,Railway Station Road,075322 34416,
,"Shri Govindam Homeopathy Clinic & Homeo , Ayurvedic medicine","Kambal Kendra Rd, near kalpana trevels, in front of Jain Hospital",097540 81770,Delivery
,attar aushadhi bhandar(hakim abdul hussain attar bohra),"attar sahb ki dukan, ghanta ghar, Samrat Rd",081207 46528,Ayurvedic
,DrChetan sharma सौभाग्य आयुर्वेदा,·,082360 63823,
,Rudrang Ayurved Infertility And MultiSpeciality Center,"29/95, 80 Feet Rd, in front of DDY",099775 45555,
,Gayatri Ayurved,82QM+F4X,,
,IMC Ayurved,"Shop 22, near, Shastri, Shastri",,all ayurvedic
,SRS Ayurhomyo clinic and panchakarma centre Ratlam,"73, Pushkarna bhawav, near Sakshi petrol pump",,
,Mytherapist Ayurveda Center,"First Floor, 05 Sher, Shahar Sarai Main Rd, above shree laxmi aushadhi bhandar",,
,Hamdard Dawakhana Ratlam,"20/3, Manak Chowk Main Rd",097520 69332,Ayurvedic
,Pranav Ayurveda,5,,
,Pashupatinath Medical,"33C9+878, Dutt Mandir, Road, Gol Chouraha Rd",084354 69472,
,Parth Clinic,337F+CMF,084351 22220,
,Patanjali Arogya Kendra,,,
,Attar Traders,"Shop no, 1, Samrat Rd, adjacent MPEB office",098930 07151,
,Dr Shubham Chelawat,"Chelawat Hospital, Highway, Mhow - Neemuch Rd",,
,NATURE CURE CENTER MANDSAUR,334C+HC5,,
,Anand Ayurveda,"57 subash complex, opposite MPEB office",093023 37591,
,Patanjali Chikitsalaya,"No.8, Mitu Plaza, Rajendra Prasad Marg, Do Batti Rd, near Girls College",07412 492 266,In-store pick-up
,Dr Gulab patidar Homeopathic Clinic Ratlam(tejsvini Clinic),"Nirala nager, Naya Gau Main Road, near Shakshi Petrol Pump",088274 35096,
,Gandhi herbal,,,
,Ohm diabetic clinic,Plot no. 14,,
,Laxmi ayurvedic store,MDR 12A,,
,Dr. Lokesh Kumar Jaim,"D, 41, Deendayal Nagar Main Rd",074157 48474,
,"Government Ayurvedic Hospital, 500 Quater, Mandsaur",32FP+9C7,,Dr
,,,,
Shajapur,,,,
,,,,
,Ayurvedic Aushdhalay,"Sarkari Hospital Ke Samne, Nahargarh",098932 70954,
,Songara All Ayurvedic Private Limited Mandsaur,"Mahuwa house, Mahu, Mhow - Neemuch Rd, opposite DRP line",,
,"Aradhya Ayurved (Viddhakarma, Agnikarma, Panchkarma)","24, Nanesh Nagar Park, sudarshan tent wali gali, near Geeta Bhawan Road",087700 78805,
,Shree Vishwashree Ayurved Chikitsalaya,57,,
,आयुर्वेदिक न्यूरो एवं पंचकर्म थेरेपी सेंटर,"Village Chiplana, Post",,
,Dr. Girish Bhargav (Ayurveda),33M9+JP2,,
,"Mandsaur Ayurvedic Hospital, Mandsaur","BRNCOP College Campus, Infront of Krishi Upaj Mandi, Mhow Neemuch Rd",087208 22111,doctors
,jeevan dispensary,Jeevan Dispensary behind rituvan hotel 40 prem coloney station road,093290 12143,
,SEN AYURVEDA,"20, Prem Colony",099264 23517,
,Maruti Clinik & Ayurvedic Research Centre,Maharani laxmi bai Choraya Sanjeet Naka/ Road,089894 95720,
,Mandsaur Ayurveda Hospital (Mandsaur Institute of Ayurveda Education and Research),422V+QV8,097545 21765,doctors
,Ayush hospital,"Sitamu fathak, near agriculture college",,
,ATTAR AUSHADHI BHANDAR AYURVEDIC AND JADI BOOTI (ATTAR BOHRA JI ),Samrat Rd,081207 46528,Delivery
,चांदसी दवाखाना,"333C+WQ6, अग्रवाल धर्मशाला, Pashupathinath Mandir Rd",,
,Patanjali Chikitsalaya,Railway Station Road,075322 34416,
,"Shri Govindam Homeopathy Clinic & Homeo , Ayurvedic medicine","Kambal Kendra Rd, near kalpana trevels, in front of Jain Hospital",097540 81770,Delivery
,Patanjali Chikitsalaya,Daya Mandir Rd,07422 224 283,
,Pashupatinath Medical,"33C9+878, Dutt Mandir, Road, Gol Chouraha Rd",084354 69472,
,attar aushadhi bhandar(hakim abdul hussain attar bohra),"attar sahb ki dukan, ghanta ghar, Samrat Rd",081207 46528,Ayurvedic
,sparsh ayurveda panchakarm hospital,"dhobhi choraha, in front of lic office",089821 32456,Dr
,Attar Traders,"Shop no, 1, Samrat Rd, adjacent MPEB office",098930 07151,
,Gandhi herbal,,,
,Parth Clinic,337F+CMF,084351 22220,
,Dr Shubham Chelawat,"Chelawat Hospital, Highway, Mhow - Neemuch Rd",,
,Karjuwala Compound,Railway Station Rd,,
,Dr. C. P. Goyal,road,,
,NATURE CURE CENTER MANDSAUR,334C+HC5,,
,Sindal Clinic,Meerkala Bazar,099266 06500,
,MALWA HOSPITAL,"A 38, Sanjit Rd, near Shree Cold",07422 469 858,Dr
,J.M. MEDICAL STORE MITTHALAL JI KI DUKAN,"J.M.Medical Store, Joshi Digital Ke Pass, Joshi Digital, 3/29, Main Road, opp. Jain Shwetamber Mandir",090399 19944,Delivery
,Eyeurved Netralay & Retina Care,"Bakliwal Complex, Suchitra Talkies Chouraha, 458001",087701 21429,
,Ayush Clinic And Hom.resurch Center,·,098937 96616,
,ATTAR SAHEB KI DUKAAN,"Kila Rd, near khatri doodh bhandaar",087704 06285,In-store pick-up
,Patanjali chikitsalaya or store,"Gayatri Mandir, road",,
,"Government Ayurvedic Hospital, 500 Quater, Mandsaur",32FP+9C7,,Dr
,DR. R.K. KHADYOT,"107, Yash Nagar, Phase 2nd",,
,,,,
Ujjain,,,,
,Songara All Ayurvedic Private Limited Mandsaur,"Mahuwa house, Mahu, Mhow - Neemuch Rd, opposite DRP line",,
,"Aradhya Ayurved (Viddhakarma, Agnikarma, Panchkarma)","24, Nanesh Nagar Park, sudarshan tent wali gali, near Geeta Bhawan Road",087700 78805,
,Dr. Girish Bhargav (Ayurveda),33M9+JP2,,
,Shree Vishwashree Ayurved Chikitsalaya,57,,
,Maruti Clinik & Ayurvedic Research Centre,Maharani laxmi bai Choraya Sanjeet Naka/ Road,089894 95720,
,Ayurvedic Aushdhalay,"Sarkari Hospital Ke Samne, Nahargarh",098932 70954,
,"Mandsaur Ayurvedic Hospital, Mandsaur","BRNCOP College Campus, Infront of Krishi Upaj Mandi, Mhow Neemuch Rd",087208 22111,
,jeevan dispensary,Jeevan Dispensary behind rituvan hotel 40 prem coloney station road,093290 12143,
,SEN AYURVEDA,"20, Prem Colony",099264 23517,
,Mandsaur Ayurveda Hospital (Mandsaur Institute of Ayurveda Education and Research),422V+QV8,097545 21765,
,ATTAR AUSHADHI BHANDAR AYURVEDIC AND JADI BOOTI (ATTAR BOHRA JI ),Samrat Rd,081207 46528,
,Pashupatinath Medical,"33C9+878, Dutt Mandir, Road, Gol Chouraha Rd",084354 69472,
,"Shri Govindam Homeopathy Clinic & Homeo , Ayurvedic medicine","Kambal Kendra Rd, near kalpana trevels, in front of Jain Hospital",097540 81770,
,Ayush hospital,"Sitamu fathak, near agriculture college",,
,Patanjali Chikitsalaya,Railway Station Road,075322 34416,
,चांदसी दवाखाना,"333C+WQ6, अग्रवाल धर्मशाला, Pashupathinath Mandir Rd",,
,attar aushadhi bhandar(hakim abdul hussain attar bohra),"attar sahb ki dukan, ghanta ghar, Samrat Rd",081207 46528,
,Patanjali Chikitsalaya,Daya Mandir Rd,07422 224 283,
,Ujjain Panchkarma Center,"K 1/7M.I.G, opposite Ajay photo studio",094250 91185,
,आयुर्वेदिक न्यूरो एवं पंचकर्म थेरेपी सेंटर,"Village Chiplana, Post",,
,Shree Bhimashankar Ayurved & Panchkarm Clinic,"27/2 chobies khamba marg, Mahakal ghati",097132 33778,
,Vatsalya Ayurved & Panchakarma kendr ujjain of dr Madhu Sudan Vyas,4/1,0734 251 9707,
,Mahakal Ayurveda - Neuro Spine Panchkarma Center,"Mahakal Ayurved Bhawan, Maksi Rd, near Dr. Bhoraskar",094253 62622,
,Gandhi herbal,,,
,Dr. Yogesh Patidar's - Nitya Ayurveda and Panchkarma Chikitsalay,"BJP karyalay ke samne, 9/1, ghatkarpar marg",088785 29491,
,Parth Clinic,337F+CMF,084351 22220,
,Vaidhya Guljarilal Shastri Ayurvedic & Panchkarma Hospital,"89, Madhav Club Rd",097702 63108,
,Narmade Ayurvedam Panchkarma Kendra,10 Kalidas marg Maksi road freeganj,094068 21279,
,Attar Traders,"Shop no, 1, Samrat Rd, adjacent MPEB office",098930 07151,
,NATURE CURE CENTER MANDSAUR,334C+HC5,,
,AMBIKEY AYURVEDIC CENTER,"C2, JYOTIBA PHULE COMPLEX, NEAR, Birla Hospital Rd",093038 68069,
,Happy to help,"Police station, Road",,
,Shree Sharma Ayurvedic Bhavan,5QQG+49Q,,
,Madhavbaug Clinic - MP Ujjain,Geeta 531,022 4893 3666,
,Dr Lavina Thakur Bhati's Infertility Center,"A 135 Giriraj Ratan, Kanipura Rd",098935 55278,
,Dr. Priyanka Sharma(Ayurvedic),"Madhav Baug Clinic, 531, near Bank of India Branch",,
,Shree Balaji Ayurved Ujjain,,099936 71084,
,Bherwanand Aushadhalaya (Ayurvedic Clinic),·,094250 93853,
,Veidh M. Jaan | Best Sexologist in Ujjain | Top Ayurvedic Sexual Health Clinic | Specialist Doctors,"Maksi Rd, Pavasa",098266 25502,
,Chitransh Clinic,"A-101, P. Deendayal Complex, Indore Road, opp. Muni Nagar",093016 47216,
,Kamal Ayurveda Bhawan,"5QPC+MG3, Patni Bazar, 56",0734 255 0135,
,Ayurvedic Hospital,"17, Ujjain Jaora Rd",,
,Shree Mahakaleshwar Ayurved Bhavan,10 Maksi Rd Behind Ashok Talkies,098272 05085,
,Arogya Niketan,"Arogya Niketan, Nr. ISKCON temple, Bharatpuri",072259 98883,
,Manav Sewa Ayurvedic Vidhyalay And Chikitsalay,"13, Nagar Nigam Shopping Complex, Ashok Nagar, Freeganj",096179 19675,
,SOMA MULTISPECIALITY AYURVEDIC CLINIC AND PANCHKARMA CENTRE,"AK building, 15,kasturi building, square, Varruchi Marg",093406 94212,
,Shrinath ayurveda,near Bus Depot,,
,Dhanvantari Ayurved,"4 and 5 Nigam Complex Vikram Marg, near S.S. Hospital",094259 16668,
,ATTAR SAHEB KI DUKAAN,"Kila Rd, near khatri doodh bhandaar",087704 06285,
,Swastik Ayurved,"5QHX+P5G, Sethi Nagar - Desai Nagar Rd, Opposite To Maa Kalika Mandir, Ambapura",098268 40268,
,Vaidhya M.K. Sharma,5QR9+H58,,
,Bhaskar Ayurvedic,"32, Behind Bade Hospital, Bahadurganj",098263 71718,
,Dr Shubham Chelawat,"Chelawat Hospital, Highway, Mhow - Neemuch Rd",,
,Sankalp ayurveda and panchkarma chikitsalaya,"bilotipura, bus stop, 4/1",,
,Herbal Samadhan EH Clinic,"Shop No.48,Nanakheda bus stand Road,Near Bandhan Bank,Mahakal Vanijya Kendra,Ujjain,Madhya Pradesh,456010,India Shop No.48,Nanakheda, bus stand Road, near Bandhan Bank",080855 10955,
,Mahakal Neuro Spine Panchkarma Center,"5RVG+Q2X, Maxi road,pakiza ke pich,friganje,sethi building ke pass",,
,"Kshipra Ayurveda, क्षिप्रा आयुर्वेदा स्त्रीरोग बंध्यत्व एवं पंचकर्म सेंटर","Block B5, Tirupati Diamond Shanti Palace, Bypass, Unhel Nagda Road",,
,Suranjan Ayurved and General Store,"C-10, Jyoti baa phule complex",,
,Shree Shambhu Ayurvedotthan Kendra Aushadalay,"Shri Hari Ram Madaya, 5/3, Saubhagyeshwar Gali, Patni Bazar",098272 51990,
,Ayurveda college & Hospital,"Govt. Dhanwantri College Hospital, Agar Rd",0734 255 4581,
,Ramaiah Ayurveda Wellness Center,"Ramaiah Ayurveda, MPT Shipra Residency",,
,"Dhruv clinic ,Dr chugh (ayurveda )","D1, 11, Cosmos Mall Rd",,
,Dr Om Prakash Paliwal,151,,
,Ujjain panchkarm kendra Vaidhya chandra sharma,"7/2, Alaknanda Nagar Rd",,
,MahakalAyurveda,"Shri Mahakal Ayurved Bavan, Maksi Rd, opp. Sethi Building",099930 32780,
,Santosh Homeopathic And Ayurvedic Stores,15 Ghatpakar Marg Opp Shivalik Bank Freeganj Gurunanak Market,094253 50843,
,PATANJALI,"Bhargav Complex, 5, Teen Batti Chauraha",094259 87667,
,Eyeurved Netralay & Retina Care,"Bakliwal Complex, Suchitra Talkies Chouraha, 458001",087701 21429,
,IMC Ayurvedic Store,,,
,Patidar Piles Cure Center,"Lotus hospital, Varruchi Marg, near 69",089892 18881,
,Charak Chikitsalay,"Kshir Sagar, near Trimurty Talkies",094068 74504,
,Shri Gopal Handa Vaidya Haddi Rog Dawakhana,"5QRF+8W5, Garg Nivas, Budhwaria Chowk, near Dr. Vijay Garg",0734 255 1269,
,Shree Nakoda Ayurvedic Stores,,094259 84823,
,Dr.Deepasha vyas,,,
,Hamdard,"174, KD Gate",098269 52952,
,Kaif Unani & Ayurvedic Stores,"24 Madar Gate, near Markaj Masjid",098272 99326,
,Arogyam Aushadhalaya,"A-5/8, Mahakal Vanijaya Kendra, Nanakheda, opposite Sai Palace Hotel",0734 253 3469,
,Patanjali Chikitsalay,"Shaheed Park, No 22/1, Vruchi Marg",094250 93688,
,"Government Ayurvedic Hospital, 500 Quater, Mandsaur",32FP+9C7,,
,Shri Ram Ayurveda,"B-8/14, Mahakal Vanijya Kendra",,
,DR. R.K. KHADYOT,"107, Yash Nagar, Phase 2nd",,